-- phpMyAdmin SQL Dump
-- version 4.6.6deb5
-- https://www.phpmyadmin.net/
--
-- Servidor: localhost:3306
-- Tiempo de generación: 13-03-2019 a las 08:45:16
-- Versión del servidor: 5.7.25-0ubuntu0.18.04.2
-- Versión de PHP: 7.2.15-0ubuntu0.18.04.1

SET SQL_MODE = "NO_AUTO_VALUE_ON_ZERO";
SET time_zone = "+00:00";


/*!40101 SET @OLD_CHARACTER_SET_CLIENT=@@CHARACTER_SET_CLIENT */;
/*!40101 SET @OLD_CHARACTER_SET_RESULTS=@@CHARACTER_SET_RESULTS */;
/*!40101 SET @OLD_COLLATION_CONNECTION=@@COLLATION_CONNECTION */;
/*!40101 SET NAMES utf8mb4 */;

--
-- Base de datos: `ebio`
--

-- --------------------------------------------------------

--
-- Estructura de tabla para la tabla `asignatura`
--

CREATE TABLE `asignatura` (
  `id` int(11) NOT NULL,
  `nombre` varchar(50) DEFAULT NULL,
  `tipo_id` int(11) NOT NULL
) ENGINE=InnoDB DEFAULT CHARSET=utf8 ROW_FORMAT=COMPRESSED;

--
-- Volcado de datos para la tabla `asignatura`
--

INSERT INTO `asignatura` (`id`, `nombre`, `tipo_id`) VALUES
(1, 'Introducción a la biología ', 1),
(2, 'Física I ', 1),
(3, 'Matemática I ', 1),
(4, 'Química gral. e inorgánica ', 1),
(5, 'Matemática II', 1),
(6, 'Int. a las cs. de la Tierra', 1),
(7, 'Física II', 1),
(8, 'Química orgánica', 1),
(9, 'Bioestadística', 1),
(10, 'Ecología ', 1),
(11, 'Geografía física', 1),
(12, 'Biol. de los microorganismos  ', 1),
(13, 'Química biológica', 1),
(14, 'Biogeografía ', 1),
(15, 'Epistemología', 1),
(16, 'Genética', 1),
(17, 'Histología ', 1),
(18, 'Biología celular y molecular', 1),
(19, 'Ecología aplicada', 1),
(20, 'Diversidad vegetal I', 1),
(21, 'Diversidad animal I', 1),
(22, 'Evolución ', 1),
(23, 'Biotecnología ', 1),
(24, 'Diversidad animal II', 1),
(25, 'Diversidad vegetal II', 1),
(26, 'Fisiología vegetal comparada', 1),
(27, 'Diseño experimental', 1),
(28, 'Desarrollo sostenible', 1),
(29, 'Agrobiotecnología', 1),
(30, 'Restauración de sistemas naturales ', 1),
(31, 'Genética molecular de plantas', 1),
(32, 'Biología de la conservación ', 1),
(33, 'Estructura de las macromoléculas', 1),
(34, 'Fisiología animal comparada ', 1),
(35, 'Ecología microbiana', 1),
(36, 'Mat. de or. Optativa', 2),
(37, 'Mat. de or. Optativa', 2),
(38, 'Trabajo Final', 1),
(39, 'Mat. de or. Optativa', 2);

-- --------------------------------------------------------

--
-- Estructura de tabla para la tabla `asignatura_tipo`
--

CREATE TABLE `asignatura_tipo` (
  `id` int(11) NOT NULL,
  `nombre` varchar(80) NOT NULL
) ENGINE=InnoDB DEFAULT CHARSET=latin1;

--
-- Volcado de datos para la tabla `asignatura_tipo`
--

INSERT INTO `asignatura_tipo` (`id`, `nombre`) VALUES
(1, 'Obligatoria'),
(2, 'Optativa');

-- --------------------------------------------------------

--
-- Estructura de tabla para la tabla `carrera`
--

CREATE TABLE `carrera` (
  `id` int(11) NOT NULL,
  `plan` varchar(20) DEFAULT NULL,
  `nombre` varchar(80) DEFAULT NULL,
  `presentacion` blob,
  `perfil` blob,
  `plan_pdf` varchar(50) DEFAULT NULL,
  `imagen` varchar(100) NOT NULL
) ENGINE=InnoDB DEFAULT CHARSET=utf8 ROW_FORMAT=COMPRESSED;

--
-- Volcado de datos para la tabla `carrera`
--

INSERT INTO `carrera` (`id`, `plan`, `nombre`, `presentacion`, `perfil`, `plan_pdf`, `imagen`) VALUES
(2, '009-17', 'LICENCIATURA EN CIENCIAS BIOLÓGICAS', 0x3c70207374796c653d226d617267696e2d6c6566743a332e373570743b223e0d0a093c7374726f6e673e46554e44414d454e544f533c2f7374726f6e673e3c2f703e0d0a3c70207374796c653d226d617267696e2d6c6566743a20332e3770743b20746578742d616c69676e3a206a7573746966793b223e0d0a09456c2070726573656e746520506c616e206465204573747564696f207365206261736120656e206c6f73206c696e65616d69656e746f732067656e6572616c65732064656c20436f6e73656a6f20496e746572756e697665727369746172696f2070617261206c6120456e7365266e74696c64653b616e7a61206465206c612042696f6c6f67266961637574653b6120284349504542292c20636f6e73656a6f2064656c206375616c20666f726d61207061727465206c61204c6963656e6369617475726120656e204369656e636961732042696f6c266f61637574653b6769636173206465206c6120554e495645525349444144204e4143494f4e414c204445204348494c454349544f3c2f703e0d0a3c70207374796c653d226d617267696e2d6c6566743a20332e3770743b20746578742d616c69676e3a206a7573746966793b223e0d0a0964657364652064696369656d6272652064656c2061266e74696c64653b6f20646f73206d696c20747265732e3c2f703e0d0a3c70207374796c653d226d617267696e2d6c6566743a20332e3770743b20746578742d616c69676e3a206a7573746966793b223e0d0a09446562652063756d706c696d656e746172736520756e204369636c6f2042266161637574653b7369636f2071756520636f6e7469656e6520646f7320264161637574653b726561732054656d266161637574653b74696361733a3c2f703e0d0a3c70207374796c653d226d617267696e2d6c6566743a20332e3770743b20746578742d616c69676e3a206a7573746966793b223e0d0a09312e203c7374726f6e673e4369656e636961732042266161637574653b73696361733c2f7374726f6e673e2c20717565206375627265206173706563746f73206465206c6120666f726d616369266f61637574653b6e2064656c2070726f666573696f6e616c2070617261206f6274656e6572206c6173206261736573206d6174656d266161637574653b74696361732c2066266961637574653b73696361732c207175266961637574653b6d6963617320792067656f6c266f61637574653b676963617320656e206c6120636f6d7072656e7369266f61637574653b6e206465206c6120636f6d706f73696369266f61637574653b6e2c206573747275637475726120792066756e6369266f61637574653b6e206465206c6f73206f7267616e69736d6f73207669766f732c20636f6e206c6120636172676120686f7261726961206d266961637574653b6e696d61206465206c6f73206e267561637574653b636c656f732074656d266161637574653b7469636f732065737461626c656369646f7320706f7220656c2043495045422e3c2f703e0d0a3c70207374796c653d226d617267696e2d6c6566743a20332e3770743b20746578742d616c69676e3a206a7573746966793b223e0d0a09322e203c7374726f6e673e4369656e636961732042696f6c266f61637574653b67696361732042266161637574653b73696361733c2f7374726f6e673e2c20636f6e666f726d61646120706f722074656d266161637574653b74696361732070726f70696173206465206c612070726f66657369266f61637574653b6e2e3c2f703e0d0a3c70207374796c653d226d617267696e2d6c6566743a20332e3770743b20746578742d616c69676e3a206a7573746966793b223e0d0a09332e203c7374726f6e673e4369636c6f205375706572696f723c2f7374726f6e673e2c20656e20656c207175652073652070726f66756e64697a616e207920636f6d706c6574616e20636f6e74656e69646f73206465206c617320266161637574653b726561732062266161637574653b7369636173206f207365206465736172726f6c6c616e2074656d266161637574653b74696361732061706c6963616461732072656c6163696f6e6164617320636f6e20656c2070657266696c20706172746963756c6172207175652064657465726d696e65206361646120756e696461642061636164266561637574653b6d696361206c6173206375616c6573206573746172266161637574653b6e2072656c6163696f6e6164617320636f6e2073757320706f74656e6369616c6964616465732079206e656365736964616465732e3c2f703e0d0a3c70207374796c653d226d617267696e2d6c6566743a20332e3770743b20746578742d616c69676e3a206a7573746966793b223e0d0a09456c206369636c6f2042266161637574653b7369636f2064656c2070726573656e746520506c616e20636f6e737461206465207665696e746963756174726f206d6174657269617320636f6e20636f6e74656e69646f73206465206369636c6f2062266161637574653b7369636f2c2063696e636f206d6174657269617320636f6e20636f6e74656e69646f73206465206369636c6f2062266161637574653b7369636f2079207375706572696f7220792073656973206d6174657269617320636f6e20636f6e74656e69646f732064656c206369636c6f207375706572696f722e3c2f703e0d0a3c70207374796c653d226d617267696e2d6c6566743a20332e3770743b20746578742d616c69676e3a206a7573746966793b223e0d0a09456c2043495045422065737461626c65636520266161637574653b726561732074656d266161637574653b746963617320636f6e20737520636172676120686f7261726961207920636f6e74656e69646f73206d266961637574653b6e696d6f732071756520636164613c2f703e0d0a3c70207374796c653d226d617267696e2d6c6566743a20332e3770743b20746578742d616c69676e3a206a7573746966793b223e0d0a09756e696461642061636164266561637574653b6d69636120707565646520646973747269627569726c6f7320656e206469666572656e746573206d617465726961732e3c2f703e0d0a3c70207374796c653d226d617267696e2d6c6566743a332e373570743b223e0d0a09266e6273703b3c2f703e0d0a3c70207374796c653d226d617267696e2d6c6566743a332e373570743b223e0d0a093c7374726f6e673e4f5249454e544143494f4e45533c2f7374726f6e673e3c2f703e0d0a3c70207374796c653d226d617267696e2d6c6566743a20332e3770743b20746578742d616c69676e3a206a7573746966793b223e0d0a09546f646f73206c6f7320616c756d6e6f73206465626572266161637574653b6e2063756d706c696d656e746172206c617320617369676e6174757261732064656c204369636c6f2042266161637574653b7369636f2071756520736f6e206f626c696761746f72696173207061726120746f646120636172726572612064652042696f6c6f67266961637574653b612064656c207061266961637574653b732079206375796f7320636f6e74656e69646f73206d266961637574653b6e696d6f73207365206164656375616e2061206c617320266161637574653b726561732074656d266161637574653b7469636173207920636f6e74656e69646f73206d266961637574653b6e696d6f73207265636f6d656e6461646f7320706f7220656c2043495045422e2053696e20656d626172676f2c20636f6e20656c2066696e20646520666c65786962696c697a617220792061646170746172206573746f7320636f6e74656e69646f732061206c61207265616c696461642c206c6f7320726571756572696d69656e746f7320726567696f6e616c65732c206173266961637574653b20636f6d6f2061206c6f73206176616e6365732064656c20636f6e6f63696d69656e746f2079206c6173206d65746f646f6c6f67266961637574653b61732c207365206f7267616e697a266f61637574653b20756e206369636c6f207375706572696f7220636f6e206d61746572696173206465206f7269656e74616369266f61637574653b6e206465206c6173206375616c65732c207472657320736f6e206f626c696761746f726961732070617261206c61206f7269656e74616369266f61637574653b6e2071756520736520656c696a612c2079206c61732064656d266161637574653b73206f70746174697661732e204c6173206d61746572696173206465206c61206f7269656e74616369266f61637574653b6e20736572266161637574653b6e2073656c656363696f6e6164617320612070617274697220646520756e61206f6665727461206465206c6120556e6976657273696461642071756520706f6472266161637574653b20766172696172206f20696e6372656d656e7461727365206465206163756572646f20636f6e206c617320706f736962696c6964616465732c206173266961637574653b20636f6d6f206c61207265616c6964616420696e737469747563696f6e616c2079206465206c612072656769266f61637574653b6e2e3c2f703e0d0a3c70207374796c653d226d617267696e2d6c6566743a20332e373570743b20746578742d616c69676e3a206a7573746966793b223e0d0a094c61206361727265726120736520646963746120656e206c612072656769266f61637574653b6e206669746f67656f6772266161637574653b666963612064656c206d6f6e746520717565206e6f2065786973746520656e206f74726f207061266961637574653b732c20726f646561646120646520616d6269656e74652064652070726570756e612c2070756e61207920616c746f20616e64696e6f207269636f7320656e20656e64656d69736d6f732e20457374617320726567696f6e657320736f6e207469657272617320616c746173207920266161637574653b726964617320636f6e20756e61206675657274652074656e64656e6369612061206c6120646573657274697a616369266f61637574653b6e207920656e20636f6e6a756e746f2c206272696e64616e206d7563686f73206173706563746f732061756e20696e737566696369656e74656d656e74652065737475646961646f732e3c2f703e0d0a3c70207374796c653d226d617267696e2d6c6566743a20332e373570743b20746578742d616c69676e3a206a7573746966793b223e0d0a09456e2065737465206d6172636f20616d6269656e74616c206c617320757262616e697a6163696f6e65732063726563656e20792068617920756e206176616e6365206465206c612066726f6e7465726120616772266961637574653b636f6c6120636f6e2063756c7469766f7320696e74656e7369766f732074616c657320636f6d6f207669642c206f6c69766f2079206e6f67616c2c2073696e20656c206d6172636f20646520756e6120706c616e69666963616369266f61637574653b6e206465206f7264656e207465727269746f7269616c20717565206c6f7320746f726e6520736f7374656e69626c65732e20496775616c6d656e74652073756365646520636f6e206c6f7320656d7072656e64696d69656e746f7320747572266961637574653b737469636f732c20636164612076657a20736f6e206d266161637574653b73206672656375656e7465732070617261206c612072656769266f61637574653b6e2079206e75657374726f7320656772657361646f73206573746172266161637574653b6e2070726570617261646f732070617261207265616c697a61722061706f72746573207369676e69666963617469766f7320646573646520656c2070756e746f20646520766973746120616d6269656e74616c2c207061726120656c20666f7274616c6563696d69656e746f2064652065736173206361706163696461646573206c6f63616c6573207920726567696f6e616c65732e3c2f703e0d0a3c70207374796c653d226d617267696e2d6c6566743a332e373570743b223e0d0a09536f627265206573746120626173652c20656e206c612061637475616c6964616420636f6e74616d6f7320636f6e20646f73206f7269656e746163696f6e65733a203c7374726f6e673e45636f6c6f67266961637574653b61207920416d6269656e74653c2f7374726f6e673e2079203c7374726f6e673e42696f7465636e6f6c6f67266961637574653b613c2f7374726f6e673e2e3c2f703e0d0a3c70207374796c653d226d617267696e2d6c6566743a332e373570743b223e0d0a09266e6273703b3c2f703e0d0a3c70207374796c653d226d617267696e2d6c6566743a332e373570743b223e0d0a093c7374726f6e673e445552414349264f61637574653b4e204445204c4120434152524552413a2035202863696e636f292041266e74696c64653b6f73203c2f7374726f6e673e3c2f703e0d0a3c70207374796c653d226d617267696e2d6c6566743a20332e373570743b20746578742d616c69676e3a206a7573746966793b223e0d0a094c612063617272657261206375656e746120636f6e20332e36393220686f7261732028332e323830202b20343132206465206c6120746573697320646520677261646f292c206c61206f7267616e697a616369266f61637574653b6e20637572726963756c617220636f6e737461206465206f63686f206375617472696d657374726573207920747265696e746120792063696e636f206d61746572696173206375796120636172676120686f726172696120766172266961637574653b6120656e2066756e6369266f61637574653b6e206465206c612065737065636966696369646164206469736369706c696e6172206465206c6173206d69736d61732e204c612063757272266961637574653b63756c6120696e636c757965206164656d266161637574653b7320756e2054726162616a6f2046696e616c2e3c2f703e0d0a, 0x3c70207374796c653d226d617267696e2d6c6566743a20332e373570743b20746578742d616c69676e3a206a7573746966793b223e0d0a09456c204c6963656e636961646f20656e204369656e636961732042696f6c266f61637574653b676963617320646562652073657220636170617a2064652067656e657261722c20696e7465677261722c2061706c69636172207920636f6d756e6963617220636f6e6f63696d69656e746f7320717565207065726d6974616e20756e6120636f6d7072656e7369266f61637574653b6e206465206c6f732073697374656d61732062696f6c266f61637574653b6769636f732e20456c206176616e6365206369656e74266961637574653b6669636f207465636e6f6c266f61637574653b6769636f2061637475616c20726571756965726520646520756e612076697369266f61637574653b6e20696e7465677261646f7261207061726120656c206573747564696f2064652064697374696e74617320736974756163696f6e65732079206c6c657661206120717565206c6f732070726f666573696f6e616c6573206465206c612042696f6c6f67266961637574653b6120646562616e20736572206361706163657320646520707261637469636172206c6120696e7465726469736369706c696e6172696564616420656e206c61207265736f6c756369266f61637574653b6e2064652070726f626c656d61732062696f6c266f61637574653b6769636f73206f20656e20736974756163696f6e65732071756520696e636c7579616e2061206573746f732e205365206573706572612071756520656c20616c756d6e6f206465206c61204c6963656e6369617475726120656e204369656e636961732042696f6c266f61637574653b6769636173206465206c6120554e495645525349444144204e4143494f4e414c204445204348494c454349544f2c206164656d266161637574653b732064652074656e657220756e6120666f726d616369266f61637574653b6e2067656e6572616c697374612c20696e7465677261646f726120792061206e6976656c206465206c61732064656d266161637574653b732063617272657261732064652042696f6c6f67266961637574653b612064656c205061266961637574653b732c206375656e746520636f6e20756e612076697369266f61637574653b6e20636c617261206465206c612070726f626c656d266161637574653b7469636120726567696f6e616c207920706f736561206c612061707469747564207061726120736f6c7563696f6e61722070726f626c656d617320726566657269646f73206120657374612c2074616e746f20656e20656c20266161637574653b6d6269746f206465206c6120556e69766572736964616420636f6d6f20656e206f7267616e69736d6f732070267561637574653b626c69636f732079207072697661646f732e3c2f703e0d0a, NULL, 'biologialg.jpg');

-- --------------------------------------------------------

--
-- Estructura de tabla para la tabla `categoria`
--

CREATE TABLE `categoria` (
  `id` int(11) NOT NULL,
  `descripcion` varchar(30) DEFAULT NULL
) ENGINE=InnoDB DEFAULT CHARSET=utf8 ROW_FORMAT=COMPRESSED;

-- --------------------------------------------------------

--
-- Estructura de tabla para la tabla `ci_sessions`
--

CREATE TABLE `ci_sessions` (
  `id` varchar(40) NOT NULL,
  `ip_address` varchar(45) NOT NULL,
  `timestamp` int(10) UNSIGNED NOT NULL DEFAULT '0',
  `data` blob NOT NULL
) ENGINE=InnoDB DEFAULT CHARSET=latin1;

-- --------------------------------------------------------

--
-- Estructura de tabla para la tabla `correlatividad`
--

CREATE TABLE `correlatividad` (
  `id` int(11) DEFAULT NULL,
  `correlativade` int(11) DEFAULT NULL,
  `tipo` int(11) DEFAULT NULL
) ENGINE=InnoDB DEFAULT CHARSET=utf8 ROW_FORMAT=COMPRESSED;

-- --------------------------------------------------------

--
-- Estructura de tabla para la tabla `docente`
--

CREATE TABLE `docente` (
  `id` int(10) NOT NULL,
  `persona_id` bigint(20) NOT NULL,
  `categoria` int(11) DEFAULT NULL,
  `descripcion` blob
) ENGINE=InnoDB DEFAULT CHARSET=utf8 ROW_FORMAT=COMPRESSED;

-- --------------------------------------------------------

--
-- Estructura de tabla para la tabla `equipo`
--

CREATE TABLE `equipo` (
  `id` int(11) DEFAULT NULL,
  `id_docente` int(11) DEFAULT NULL,
  `acargo` tinyint(1) DEFAULT NULL
) ENGINE=InnoDB DEFAULT CHARSET=utf8 ROW_FORMAT=COMPRESSED;

-- --------------------------------------------------------

--
-- Estructura de tabla para la tabla `estudiantes`
--

CREATE TABLE `estudiantes` (
  `id` int(11) NOT NULL,
  `persona_id` bigint(20) NOT NULL,
  `legajo` varchar(50) NOT NULL,
  `plan_id` int(11) NOT NULL
) ENGINE=InnoDB DEFAULT CHARSET=latin1;

-- --------------------------------------------------------

--
-- Estructura de tabla para la tabla `grupos`
--

CREATE TABLE `grupos` (
  `id` int(11) NOT NULL,
  `nombre` varchar(50) NOT NULL,
  `abreviacion` varchar(20) NOT NULL
) ENGINE=InnoDB DEFAULT CHARSET=latin1;

-- --------------------------------------------------------

--
-- Estructura de tabla para la tabla `grupo_permiso`
--

CREATE TABLE `grupo_permiso` (
  `grupo_id` int(11) NOT NULL,
  `permiso_id` int(11) NOT NULL
) ENGINE=InnoDB DEFAULT CHARSET=latin1;

-- --------------------------------------------------------

--
-- Estructura de tabla para la tabla `orientacion`
--

CREATE TABLE `orientacion` (
  `id` int(11) NOT NULL,
  `nombre` varchar(80) NOT NULL
) ENGINE=InnoDB DEFAULT CHARSET=latin1;

--
-- Volcado de datos para la tabla `orientacion`
--

INSERT INTO `orientacion` (`id`, `nombre`) VALUES
(1, 'Ecología'),
(2, 'Ambiente y Biotecnología');

-- --------------------------------------------------------

--
-- Estructura de tabla para la tabla `permisos`
--

CREATE TABLE `permisos` (
  `id` int(11) NOT NULL,
  `nombre` varchar(100) NOT NULL,
  `descripcion` varchar(150) DEFAULT NULL
) ENGINE=InnoDB DEFAULT CHARSET=latin1;

-- --------------------------------------------------------

--
-- Estructura de tabla para la tabla `persona`
--

CREATE TABLE `persona` (
  `id` bigint(20) NOT NULL,
  `apellido` varchar(50) NOT NULL,
  `nombre` varchar(50) NOT NULL,
  `nombre_2` varchar(50) DEFAULT NULL,
  `dni` varchar(50) DEFAULT NULL,
  `cuit` varchar(50) DEFAULT NULL,
  `email1` varchar(50) DEFAULT NULL,
  `email2` varchar(50) DEFAULT NULL
) ENGINE=InnoDB DEFAULT CHARSET=latin1;

--
-- Volcado de datos para la tabla `persona`
--

INSERT INTO `persona` (`id`, `apellido`, `nombre`, `nombre_2`, `dni`, `cuit`, `email1`, `email2`) VALUES
(1, 'Arevalo', 'Sergio', 'Martin', '30653165', NULL, 'sarevalo@undec.edu.ar', NULL);

-- --------------------------------------------------------

--
-- Estructura de tabla para la tabla `plan`
--

CREATE TABLE `plan` (
  `id` int(11) NOT NULL,
  `id_carrera` int(11) NOT NULL,
  `id_asignatura` int(11) NOT NULL,
  `anio` int(11) DEFAULT NULL,
  `codigo` int(11) NOT NULL,
  `regimen` varchar(20) DEFAULT NULL,
  `horas_primer_cuat` int(11) DEFAULT NULL,
  `horas_segundo_cuat` int(11) DEFAULT NULL,
  `horas_anuales` int(11) DEFAULT NULL,
  `programa` varchar(150) DEFAULT NULL,
  `id_orientacion` int(11) NOT NULL
) ENGINE=InnoDB DEFAULT CHARSET=utf8 ROW_FORMAT=COMPRESSED;

-- --------------------------------------------------------

--
-- Estructura de tabla para la tabla `plan_optativas`
--

CREATE TABLE `plan_optativas` (
  `id_plan` int(11) NOT NULL,
  `id_optativa` int(11) NOT NULL
) ENGINE=InnoDB DEFAULT CHARSET=latin1;

-- --------------------------------------------------------

--
-- Estructura de tabla para la tabla `tipo_correlatividad`
--

CREATE TABLE `tipo_correlatividad` (
  `id` int(11) NOT NULL,
  `descripcion` varchar(50) DEFAULT NULL
) ENGINE=InnoDB DEFAULT CHARSET=utf8 ROW_FORMAT=COMPRESSED;

-- --------------------------------------------------------

--
-- Estructura de tabla para la tabla `users`
--

CREATE TABLE `users` (
  `id` int(11) NOT NULL,
  `username` varchar(255) NOT NULL DEFAULT '',
  `password` varchar(255) NOT NULL DEFAULT '',
  `persona_id` bigint(20) NOT NULL,
  `avatar` varchar(255) DEFAULT 'default.jpg',
  `created_at` datetime NOT NULL,
  `updated_at` datetime DEFAULT NULL,
  `is_admin` tinyint(1) UNSIGNED NOT NULL DEFAULT '0',
  `is_confirmed` tinyint(1) UNSIGNED NOT NULL DEFAULT '0',
  `is_deleted` tinyint(1) UNSIGNED NOT NULL DEFAULT '0'
) ENGINE=InnoDB DEFAULT CHARSET=latin1;

--
-- Volcado de datos para la tabla `users`
--

INSERT INTO `users` (`id`, `username`, `password`, `persona_id`, `avatar`, `created_at`, `updated_at`, `is_admin`, `is_confirmed`, `is_deleted`) VALUES
(1, 'sarevalo', '$2y$10$2Qpoxz9l/fByxZYXExkQW.6VIeymIKI3xwKQJB5.vWa2W1Ql5zi3S', 1, 'default.jpg', '2018-10-18 16:55:35', '2018-10-18 16:55:35', 1, 0, 0);

-- --------------------------------------------------------

--
-- Estructura de tabla para la tabla `user_grupo`
--

CREATE TABLE `user_grupo` (
  `user_id` int(11) NOT NULL,
  `grupo_id` int(11) NOT NULL
) ENGINE=InnoDB DEFAULT CHARSET=latin1;

-- --------------------------------------------------------

--
-- Estructura de tabla para la tabla `user_permiso`
--

CREATE TABLE `user_permiso` (
  `user_id` int(11) NOT NULL,
  `permiso_id` int(11) NOT NULL
) ENGINE=InnoDB DEFAULT CHARSET=latin1;

--
-- Índices para tablas volcadas
--

--
-- Indices de la tabla `asignatura`
--
ALTER TABLE `asignatura`
  ADD PRIMARY KEY (`id`),
  ADD KEY `tipo_id` (`tipo_id`);

--
-- Indices de la tabla `asignatura_tipo`
--
ALTER TABLE `asignatura_tipo`
  ADD PRIMARY KEY (`id`);

--
-- Indices de la tabla `carrera`
--
ALTER TABLE `carrera`
  ADD PRIMARY KEY (`id`);

--
-- Indices de la tabla `categoria`
--
ALTER TABLE `categoria`
  ADD PRIMARY KEY (`id`);

--
-- Indices de la tabla `correlatividad`
--
ALTER TABLE `correlatividad`
  ADD KEY `correlativa_tipoCorrelativa_idx` (`tipo`),
  ADD KEY `correlatividad_correlativa_de_idx` (`correlativade`),
  ADD KEY `correlativa_plan` (`id`);

--
-- Indices de la tabla `docente`
--
ALTER TABLE `docente`
  ADD PRIMARY KEY (`id`),
  ADD KEY `docente_categoria_idx` (`categoria`),
  ADD KEY `persona_id` (`persona_id`);

--
-- Indices de la tabla `equipo`
--
ALTER TABLE `equipo`
  ADD KEY `idMateria` (`id`),
  ADD KEY `idDocente` (`id_docente`);

--
-- Indices de la tabla `grupos`
--
ALTER TABLE `grupos`
  ADD PRIMARY KEY (`id`);

--
-- Indices de la tabla `grupo_permiso`
--
ALTER TABLE `grupo_permiso`
  ADD PRIMARY KEY (`grupo_id`,`permiso_id`),
  ADD KEY `permiso_id_grupo` (`permiso_id`),
  ADD KEY `grupo_id` (`grupo_id`);

--
-- Indices de la tabla `orientacion`
--
ALTER TABLE `orientacion`
  ADD PRIMARY KEY (`id`);

--
-- Indices de la tabla `permisos`
--
ALTER TABLE `permisos`
  ADD PRIMARY KEY (`id`);

--
-- Indices de la tabla `persona`
--
ALTER TABLE `persona`
  ADD PRIMARY KEY (`id`);

--
-- Indices de la tabla `plan`
--
ALTER TABLE `plan`
  ADD PRIMARY KEY (`id`),
  ADD KEY `plan_carrera_idx` (`id_carrera`),
  ADD KEY `Plan_materia_idx` (`id_asignatura`),
  ADD KEY `id_orientacion` (`id_orientacion`);

--
-- Indices de la tabla `plan_optativas`
--
ALTER TABLE `plan_optativas`
  ADD KEY `id_plan` (`id_plan`),
  ADD KEY `id_optativa` (`id_optativa`);

--
-- Indices de la tabla `tipo_correlatividad`
--
ALTER TABLE `tipo_correlatividad`
  ADD PRIMARY KEY (`id`);

--
-- Indices de la tabla `users`
--
ALTER TABLE `users`
  ADD PRIMARY KEY (`id`),
  ADD KEY `persona_id` (`persona_id`),
  ADD KEY `persona_id_2` (`persona_id`);

--
-- Indices de la tabla `user_grupo`
--
ALTER TABLE `user_grupo`
  ADD PRIMARY KEY (`user_id`,`grupo_id`),
  ADD KEY `grupo_id_user` (`grupo_id`),
  ADD KEY `user_id` (`user_id`);

--
-- Indices de la tabla `user_permiso`
--
ALTER TABLE `user_permiso`
  ADD KEY `user_id_permiso` (`user_id`),
  ADD KEY `permiso_id_user` (`permiso_id`);

--
-- AUTO_INCREMENT de las tablas volcadas
--

--
-- AUTO_INCREMENT de la tabla `asignatura`
--
ALTER TABLE `asignatura`
  MODIFY `id` int(11) NOT NULL AUTO_INCREMENT, AUTO_INCREMENT=41;
--
-- AUTO_INCREMENT de la tabla `asignatura_tipo`
--
ALTER TABLE `asignatura_tipo`
  MODIFY `id` int(11) NOT NULL AUTO_INCREMENT, AUTO_INCREMENT=3;
--
-- AUTO_INCREMENT de la tabla `carrera`
--
ALTER TABLE `carrera`
  MODIFY `id` int(11) NOT NULL AUTO_INCREMENT, AUTO_INCREMENT=3;
--
-- AUTO_INCREMENT de la tabla `categoria`
--
ALTER TABLE `categoria`
  MODIFY `id` int(11) NOT NULL AUTO_INCREMENT, AUTO_INCREMENT=7;
--
-- AUTO_INCREMENT de la tabla `docente`
--
ALTER TABLE `docente`
  MODIFY `id` int(10) NOT NULL AUTO_INCREMENT, AUTO_INCREMENT=55;
--
-- AUTO_INCREMENT de la tabla `grupos`
--
ALTER TABLE `grupos`
  MODIFY `id` int(11) NOT NULL AUTO_INCREMENT;
--
-- AUTO_INCREMENT de la tabla `permisos`
--
ALTER TABLE `permisos`
  MODIFY `id` int(11) NOT NULL AUTO_INCREMENT;
--
-- AUTO_INCREMENT de la tabla `persona`
--
ALTER TABLE `persona`
  MODIFY `id` bigint(20) NOT NULL AUTO_INCREMENT, AUTO_INCREMENT=2;
--
-- AUTO_INCREMENT de la tabla `plan`
--
ALTER TABLE `plan`
  MODIFY `id` int(11) NOT NULL AUTO_INCREMENT, AUTO_INCREMENT=31;
--
-- AUTO_INCREMENT de la tabla `tipo_correlatividad`
--
ALTER TABLE `tipo_correlatividad`
  MODIFY `id` int(11) NOT NULL AUTO_INCREMENT, AUTO_INCREMENT=4;
--
-- AUTO_INCREMENT de la tabla `users`
--
ALTER TABLE `users`
  MODIFY `id` int(11) NOT NULL AUTO_INCREMENT, AUTO_INCREMENT=2;
--
-- Restricciones para tablas volcadas
--

--
-- Filtros para la tabla `asignatura`
--
ALTER TABLE `asignatura`
  ADD CONSTRAINT `asignatura_tipo` FOREIGN KEY (`tipo_id`) REFERENCES `asignatura_tipo` (`id`);

--
-- Filtros para la tabla `correlatividad`
--
ALTER TABLE `correlatividad`
  ADD CONSTRAINT `correlativa_plan` FOREIGN KEY (`id`) REFERENCES `plan` (`id`) ON DELETE NO ACTION ON UPDATE NO ACTION,
  ADD CONSTRAINT `correlativa_tipoCorrelativa` FOREIGN KEY (`tipo`) REFERENCES `tipo_correlatividad` (`id`) ON DELETE NO ACTION ON UPDATE NO ACTION,
  ADD CONSTRAINT `correlatividad_correlativa_de` FOREIGN KEY (`correlativade`) REFERENCES `plan` (`id`) ON DELETE NO ACTION ON UPDATE NO ACTION;

--
-- Filtros para la tabla `docente`
--
ALTER TABLE `docente`
  ADD CONSTRAINT `docente_categoria` FOREIGN KEY (`categoria`) REFERENCES `categoria` (`id`) ON DELETE CASCADE ON UPDATE CASCADE,
  ADD CONSTRAINT `persona_id_docente` FOREIGN KEY (`persona_id`) REFERENCES `persona` (`id`) ON DELETE CASCADE ON UPDATE CASCADE;

--
-- Filtros para la tabla `equipo`
--
ALTER TABLE `equipo`
  ADD CONSTRAINT `equipo_docente` FOREIGN KEY (`id_docente`) REFERENCES `docente` (`id`) ON DELETE NO ACTION ON UPDATE NO ACTION,
  ADD CONSTRAINT `equipo_materia` FOREIGN KEY (`id`) REFERENCES `asignatura` (`id`) ON DELETE NO ACTION ON UPDATE NO ACTION;

--
-- Filtros para la tabla `grupo_permiso`
--
ALTER TABLE `grupo_permiso`
  ADD CONSTRAINT `grupo_id_permiso` FOREIGN KEY (`grupo_id`) REFERENCES `grupos` (`id`) ON DELETE CASCADE ON UPDATE CASCADE,
  ADD CONSTRAINT `permiso_id_grupo` FOREIGN KEY (`permiso_id`) REFERENCES `permisos` (`id`) ON DELETE CASCADE ON UPDATE CASCADE;

--
-- Filtros para la tabla `plan`
--
ALTER TABLE `plan`
  ADD CONSTRAINT `Plan_materia` FOREIGN KEY (`id_asignatura`) REFERENCES `asignatura` (`id`) ON DELETE NO ACTION ON UPDATE NO ACTION,
  ADD CONSTRAINT `plan_carrera` FOREIGN KEY (`id_carrera`) REFERENCES `carrera` (`id`) ON DELETE NO ACTION ON UPDATE NO ACTION;

--
-- Filtros para la tabla `plan_optativas`
--
ALTER TABLE `plan_optativas`
  ADD CONSTRAINT `optativa_asignatura` FOREIGN KEY (`id_optativa`) REFERENCES `plan` (`id`),
  ADD CONSTRAINT `plan_optativa` FOREIGN KEY (`id_plan`) REFERENCES `plan` (`id`);

--
-- Filtros para la tabla `users`
--
ALTER TABLE `users`
  ADD CONSTRAINT `persona_id_user` FOREIGN KEY (`persona_id`) REFERENCES `persona` (`id`);

--
-- Filtros para la tabla `user_grupo`
--
ALTER TABLE `user_grupo`
  ADD CONSTRAINT `grupo_id_user` FOREIGN KEY (`grupo_id`) REFERENCES `grupos` (`id`) ON DELETE CASCADE ON UPDATE CASCADE,
  ADD CONSTRAINT `user_id_grupo` FOREIGN KEY (`user_id`) REFERENCES `users` (`id`) ON DELETE CASCADE ON UPDATE CASCADE;

--
-- Filtros para la tabla `user_permiso`
--
ALTER TABLE `user_permiso`
  ADD CONSTRAINT `permiso_id_user` FOREIGN KEY (`permiso_id`) REFERENCES `permisos` (`id`),
  ADD CONSTRAINT `user_id_permiso` FOREIGN KEY (`user_id`) REFERENCES `users` (`id`);

/*!40101 SET CHARACTER_SET_CLIENT=@OLD_CHARACTER_SET_CLIENT */;
/*!40101 SET CHARACTER_SET_RESULTS=@OLD_CHARACTER_SET_RESULTS */;
/*!40101 SET COLLATION_CONNECTION=@OLD_COLLATION_CONNECTION */;
