-- phpMyAdmin SQL Dump
-- version 4.8.4
-- https://www.phpmyadmin.net/
--
-- Servidor: 127.0.0.1:3306
-- Tiempo de generación: 23-05-2020 a las 04:59:52
-- Versión del servidor: 5.7.24
-- Versión de PHP: 7.2.14

SET SQL_MODE = "NO_AUTO_VALUE_ON_ZERO";
SET AUTOCOMMIT = 0;
START TRANSACTION;
SET time_zone = "+00:00";


/*!40101 SET @OLD_CHARACTER_SET_CLIENT=@@CHARACTER_SET_CLIENT */;
/*!40101 SET @OLD_CHARACTER_SET_RESULTS=@@CHARACTER_SET_RESULTS */;
/*!40101 SET @OLD_COLLATION_CONNECTION=@@COLLATION_CONNECTION */;
/*!40101 SET NAMES utf8mb4 */;

--
-- Base de datos: `ebio`
--

-- --------------------------------------------------------

--
-- Estructura de tabla para la tabla `carrera`
--

DROP TABLE IF EXISTS `carrera`;
CREATE TABLE IF NOT EXISTS `carrera` (
  `id` int(11) NOT NULL AUTO_INCREMENT,
  `nombre` varchar(80) CHARACTER SET utf8 DEFAULT NULL,
  `presentacion` blob,
  `perfil` blob,
  `plan_pdf` varchar(50) CHARACTER SET utf8 DEFAULT NULL,
  `imagen` varchar(100) CHARACTER SET utf8 DEFAULT NULL,
  `activo` tinyint(1) NOT NULL DEFAULT '0',
  PRIMARY KEY (`id`)
) ENGINE=InnoDB AUTO_INCREMENT=2 DEFAULT CHARSET=utf8 COLLATE=utf8_spanish_ci COMMENT='Datos básicos de una carrera.' ROW_FORMAT=COMPRESSED;

--
-- Volcado de datos para la tabla `carrera`
--

INSERT INTO `carrera` (`id`, `nombre`, `presentacion`, `perfil`, `plan_pdf`, `imagen`, `activo`) VALUES
(1, 'Licenciatura en Ciencias Biológicas', 0x3c64697620636c6173733d2261637469766520666164652073686f77207461622d70616e65222069643d2270616e656c31223e0d0a3c70207374796c653d226d617267696e2d6c6566743a332e37357074223e3c7374726f6e673e46554e44414d454e544f533c2f7374726f6e673e3c2f703e0d0a0d0a3c70207374796c653d226d617267696e2d6c6566743a332e3770743b20746578742d616c69676e3a6a757374696679223e456c2070726573656e746520506c616e206465204573747564696f207365206261736120656e206c6f73206c696e65616d69656e746f732067656e6572616c65732064656c20436f6e73656a6f20496e746572756e697665727369746172696f2070617261206c6120456e7365266e74696c64653b616e7a61206465206c612042696f6c6f67266961637574653b6120284349504542292c20636f6e73656a6f2064656c206375616c20666f726d61207061727465206c61204c6963656e6369617475726120656e204369656e636961732042696f6c266f61637574653b6769636173206465206c6120554e495645525349444144204e4143494f4e414c204445204348494c454349544f3c2f703e0d0a0d0a3c70207374796c653d226d617267696e2d6c6566743a332e3770743b20746578742d616c69676e3a6a757374696679223e64657364652064696369656d6272652064656c2061266e74696c64653b6f20646f73206d696c20747265732e3c2f703e0d0a0d0a3c70207374796c653d226d617267696e2d6c6566743a332e3770743b20746578742d616c69676e3a6a757374696679223e446562652063756d706c696d656e746172736520756e204369636c6f2042266161637574653b7369636f2071756520636f6e7469656e6520646f7320264161637574653b726561732054656d266161637574653b74696361733a3c2f703e0d0a0d0a3c70207374796c653d226d617267696e2d6c6566743a332e3770743b20746578742d616c69676e3a6a757374696679223e312e203c7374726f6e673e4369656e636961732042266161637574653b73696361733c2f7374726f6e673e2c20717565206375627265206173706563746f73206465206c6120666f726d616369266f61637574653b6e2064656c2070726f666573696f6e616c2070617261206f6274656e6572206c6173206261736573206d6174656d266161637574653b74696361732c2066266961637574653b73696361732c207175266961637574653b6d6963617320792067656f6c266f61637574653b676963617320656e206c6120636f6d7072656e7369266f61637574653b6e206465206c6120636f6d706f73696369266f61637574653b6e2c206573747275637475726120792066756e6369266f61637574653b6e206465206c6f73206f7267616e69736d6f73207669766f732c20636f6e206c6120636172676120686f7261726961206d266961637574653b6e696d61206465206c6f73206e267561637574653b636c656f732074656d266161637574653b7469636f732065737461626c656369646f7320706f7220656c2043495045422e3c2f703e0d0a0d0a3c70207374796c653d226d617267696e2d6c6566743a332e3770743b20746578742d616c69676e3a6a757374696679223e322e203c7374726f6e673e4369656e636961732042696f6c266f61637574653b67696361732042266161637574653b73696361733c2f7374726f6e673e2c20636f6e666f726d61646120706f722074656d266161637574653b74696361732070726f70696173206465206c612070726f66657369266f61637574653b6e2e3c2f703e0d0a0d0a3c70207374796c653d226d617267696e2d6c6566743a332e3770743b20746578742d616c69676e3a6a757374696679223e332e203c7374726f6e673e4369636c6f205375706572696f723c2f7374726f6e673e2c20656e20656c207175652073652070726f66756e64697a616e207920636f6d706c6574616e20636f6e74656e69646f73206465206c617320266161637574653b726561732062266161637574653b7369636173206f207365206465736172726f6c6c616e2074656d266161637574653b74696361732061706c6963616461732072656c6163696f6e6164617320636f6e20656c2070657266696c20706172746963756c6172207175652064657465726d696e65206361646120756e696461642061636164266561637574653b6d696361206c6173206375616c6573206573746172266161637574653b6e2072656c6163696f6e6164617320636f6e2073757320706f74656e6369616c6964616465732079206e656365736964616465732e3c2f703e0d0a0d0a3c70207374796c653d226d617267696e2d6c6566743a332e3770743b20746578742d616c69676e3a6a757374696679223e456c206369636c6f2042266161637574653b7369636f2064656c2070726573656e746520506c616e20636f6e737461206465207665696e746963756174726f206d6174657269617320636f6e20636f6e74656e69646f73206465206369636c6f2062266161637574653b7369636f2c2063696e636f206d6174657269617320636f6e20636f6e74656e69646f73206465206369636c6f2062266161637574653b7369636f2079207375706572696f7220792073656973206d6174657269617320636f6e20636f6e74656e69646f732064656c206369636c6f207375706572696f722e3c2f703e0d0a0d0a3c70207374796c653d226d617267696e2d6c6566743a332e3770743b20746578742d616c69676e3a6a757374696679223e456c2043495045422065737461626c65636520266161637574653b726561732074656d266161637574653b746963617320636f6e20737520636172676120686f7261726961207920636f6e74656e69646f73206d266961637574653b6e696d6f732071756520636164613c2f703e0d0a0d0a3c70207374796c653d226d617267696e2d6c6566743a332e3770743b20746578742d616c69676e3a6a757374696679223e756e696461642061636164266561637574653b6d69636120707565646520646973747269627569726c6f7320656e206469666572656e746573206d617465726961732e3c2f703e0d0a0d0a3c70207374796c653d226d617267696e2d6c6566743a332e37357074223e266e6273703b3c2f703e0d0a0d0a3c70207374796c653d226d617267696e2d6c6566743a332e37357074223e3c7374726f6e673e4f5249454e544143494f4e45533c2f7374726f6e673e3c2f703e0d0a0d0a3c70207374796c653d226d617267696e2d6c6566743a332e3770743b20746578742d616c69676e3a6a757374696679223e546f646f73206c6f7320616c756d6e6f73206465626572266161637574653b6e2063756d706c696d656e746172206c617320617369676e6174757261732064656c204369636c6f2042266161637574653b7369636f2071756520736f6e206f626c696761746f72696173207061726120746f646120636172726572612064652042696f6c6f67266961637574653b612064656c207061266961637574653b732079206375796f7320636f6e74656e69646f73206d266961637574653b6e696d6f73207365206164656375616e2061206c617320266161637574653b726561732074656d266161637574653b7469636173207920636f6e74656e69646f73206d266961637574653b6e696d6f73207265636f6d656e6461646f7320706f7220656c2043495045422e2053696e20656d626172676f2c20636f6e20656c2066696e20646520666c65786962696c697a617220792061646170746172206573746f7320636f6e74656e69646f732061206c61207265616c696461642c206c6f7320726571756572696d69656e746f7320726567696f6e616c65732c206173266961637574653b20636f6d6f2061206c6f73206176616e6365732064656c20636f6e6f63696d69656e746f2079206c6173206d65746f646f6c6f67266961637574653b61732c207365206f7267616e697a266f61637574653b20756e206369636c6f207375706572696f7220636f6e206d61746572696173206465206f7269656e74616369266f61637574653b6e206465206c6173206375616c65732c207472657320736f6e206f626c696761746f726961732070617261206c61206f7269656e74616369266f61637574653b6e2071756520736520656c696a612c2079206c61732064656d266161637574653b73206f70746174697661732e204c6173206d61746572696173206465206c61206f7269656e74616369266f61637574653b6e20736572266161637574653b6e2073656c656363696f6e6164617320612070617274697220646520756e61206f6665727461206465206c6120556e6976657273696461642071756520706f6472266161637574653b20766172696172206f20696e6372656d656e7461727365206465206163756572646f20636f6e206c617320706f736962696c6964616465732c206173266961637574653b20636f6d6f206c61207265616c6964616420696e737469747563696f6e616c2079206465206c612072656769266f61637574653b6e2e3c2f703e0d0a0d0a3c70207374796c653d226d617267696e2d6c6566743a332e373570743b20746578742d616c69676e3a6a757374696679223e4c61206361727265726120736520646963746120656e206c612072656769266f61637574653b6e206669746f67656f6772266161637574653b666963612064656c206d6f6e746520717565206e6f2065786973746520656e206f74726f207061266961637574653b732c20726f646561646120646520616d6269656e74652064652070726570756e612c2070756e61207920616c746f20616e64696e6f207269636f7320656e20656e64656d69736d6f732e20457374617320726567696f6e657320736f6e207469657272617320616c746173207920266161637574653b726964617320636f6e20756e61206675657274652074656e64656e6369612061206c6120646573657274697a616369266f61637574653b6e207920656e20636f6e6a756e746f2c206272696e64616e206d7563686f73206173706563746f732061756e20696e737566696369656e74656d656e74652065737475646961646f732e3c2f703e0d0a0d0a3c70207374796c653d226d617267696e2d6c6566743a332e373570743b20746578742d616c69676e3a6a757374696679223e456e2065737465206d6172636f20616d6269656e74616c206c617320757262616e697a6163696f6e65732063726563656e20792068617920756e206176616e6365206465206c612066726f6e7465726120616772266961637574653b636f6c6120636f6e2063756c7469766f7320696e74656e7369766f732074616c657320636f6d6f207669642c206f6c69766f2079206e6f67616c2c2073696e20656c206d6172636f20646520756e6120706c616e69666963616369266f61637574653b6e206465206f7264656e207465727269746f7269616c20717565206c6f7320746f726e6520736f7374656e69626c65732e20496775616c6d656e74652073756365646520636f6e206c6f7320656d7072656e64696d69656e746f7320747572266961637574653b737469636f732c20636164612076657a20736f6e206d266161637574653b73206672656375656e7465732070617261206c612072656769266f61637574653b6e2079206e75657374726f7320656772657361646f73206573746172266161637574653b6e2070726570617261646f732070617261207265616c697a61722061706f72746573207369676e69666963617469766f7320646573646520656c2070756e746f20646520766973746120616d6269656e74616c2c207061726120656c20666f7274616c6563696d69656e746f2064652065736173206361706163696461646573206c6f63616c6573207920726567696f6e616c65732e3c2f703e0d0a0d0a3c70207374796c653d226d617267696e2d6c6566743a332e37357074223e536f627265206573746120626173652c20656e206c612061637475616c6964616420636f6e74616d6f7320636f6e20646f73206f7269656e746163696f6e65733a203c7374726f6e673e45636f6c6f67266961637574653b61207920416d6269656e74653c2f7374726f6e673e2079203c7374726f6e673e42696f7465636e6f6c6f67266961637574653b613c2f7374726f6e673e2e3c2f703e0d0a0d0a3c70207374796c653d226d617267696e2d6c6566743a332e37357074223e266e6273703b3c2f703e0d0a0d0a3c70207374796c653d226d617267696e2d6c6566743a332e37357074223e3c7374726f6e673e445552414349264f61637574653b4e204445204c4120434152524552413a2035202863696e636f292041266e74696c64653b6f73203c2f7374726f6e673e3c2f703e0d0a0d0a3c70207374796c653d226d617267696e2d6c6566743a332e373570743b20746578742d616c69676e3a6a757374696679223e4c612063617272657261206375656e746120636f6e20332e36393220686f7261732028332e323830202b20343132206465206c6120746573697320646520677261646f292c206c61206f7267616e697a616369266f61637574653b6e20637572726963756c617220636f6e737461206465206f63686f206375617472696d657374726573207920747265696e746120792063696e636f206d61746572696173206375796120636172676120686f726172696120766172266961637574653b6120656e2066756e6369266f61637574653b6e206465206c612065737065636966696369646164206469736369706c696e6172206465206c6173206d69736d61732e204c612063757272266961637574653b63756c6120696e636c757965206164656d266161637574653b7320756e2054726162616a6f2046696e616c2e3c2f703e0d0a3c2f6469763e0d0a, 0x3c703e456c204c6963656e636961646f20656e204369656e636961732042696f6c266f61637574653b676963617320646562652073657220636170617a2064652067656e657261722c20696e7465677261722c2061706c69636172207920636f6d756e6963617220636f6e6f63696d69656e746f7320717565207065726d6974616e20756e6120636f6d7072656e7369266f61637574653b6e206465206c6f732073697374656d61732062696f6c266f61637574653b6769636f732e20456c206176616e6365206369656e74266961637574653b6669636f207465636e6f6c266f61637574653b6769636f2061637475616c20726571756965726520646520756e612076697369266f61637574653b6e20696e7465677261646f7261207061726120656c206573747564696f2064652064697374696e74617320736974756163696f6e65732079206c6c657661206120717565206c6f732070726f666573696f6e616c6573206465206c612042696f6c6f67266961637574653b6120646562616e20736572206361706163657320646520707261637469636172206c6120696e7465726469736369706c696e6172696564616420656e206c61207265736f6c756369266f61637574653b6e2064652070726f626c656d61732062696f6c266f61637574653b6769636f73206f20656e20736974756163696f6e65732071756520696e636c7579616e2061206573746f732e205365206573706572612071756520656c20616c756d6e6f206465206c61204c6963656e6369617475726120656e204369656e636961732042696f6c266f61637574653b6769636173206465206c6120554e495645525349444144204e4143494f4e414c204445204348494c454349544f2c206164656d266161637574653b732064652074656e657220756e6120666f726d616369266f61637574653b6e2067656e6572616c697374612c20696e7465677261646f726120792061206e6976656c206465206c61732064656d266161637574653b732063617272657261732064652042696f6c6f67266961637574653b612064656c205061266961637574653b732c206375656e746520636f6e20756e612076697369266f61637574653b6e20636c617261206465206c612070726f626c656d266161637574653b7469636120726567696f6e616c207920706f736561206c612061707469747564207061726120736f6c7563696f6e61722070726f626c656d617320726566657269646f73206120657374612c2074616e746f20656e20656c20266161637574653b6d6269746f206465206c6120556e69766572736964616420636f6d6f20656e206f7267616e69736d6f732070267561637574653b626c69636f732079207072697661646f732e3c2f703e0d0a, 'PlanBiologia.pdf', 'biologialg.jpg', 1);

-- --------------------------------------------------------

--
-- Estructura de tabla para la tabla `ciclos`
--

DROP TABLE IF EXISTS `ciclos`;
CREATE TABLE IF NOT EXISTS `ciclos` (
  `id` int(11) NOT NULL AUTO_INCREMENT,
  `nombre` varchar(80) CHARACTER SET latin1 NOT NULL,
  `id_plan` int(11) NOT NULL,
  `id_orientacion` int(11) DEFAULT NULL,
  PRIMARY KEY (`id`),
  KEY `id_plan` (`id_plan`),
  KEY `id_orientacion` (`id_orientacion`)
) ENGINE=InnoDB AUTO_INCREMENT=4 DEFAULT CHARSET=utf8 COLLATE=utf8_spanish_ci COMMENT='Ciclos que conforman los planes.';

--
-- Volcado de datos para la tabla `ciclos`
--

INSERT INTO `ciclos` (`id`, `nombre`, `id_plan`, `id_orientacion`) VALUES
(1, 'Básico LCB', 1, NULL),
(2, 'EcoAmb', 1, 1),
(3, 'Biotec', 1, 2);

-- --------------------------------------------------------

--
-- Estructura de tabla para la tabla `ciclo_materia`
--

DROP TABLE IF EXISTS `ciclo_materia`;
CREATE TABLE IF NOT EXISTS `ciclo_materia` (
  `id` int(11) NOT NULL AUTO_INCREMENT,
  `id_ciclo` int(11) NOT NULL,
  `id_materia` int(11) NOT NULL,
  `id_regimen` int(11) NOT NULL,
  `horas` int(11) NOT NULL,
  `hs_total` int(11) NOT NULL,
  `programa` varchar(100) CHARACTER SET latin1 DEFAULT NULL,
  `anio` int(11) NOT NULL,
  `codigo` int(11) DEFAULT NULL,
  PRIMARY KEY (`id`),
  KEY `id_ciclo` (`id_ciclo`),
  KEY `id_materia` (`id_materia`),
  KEY `id_regimen` (`id_regimen`)
) ENGINE=InnoDB AUTO_INCREMENT=60 DEFAULT CHARSET=utf8 COLLATE=utf8_spanish_ci COMMENT='Información de una materia dentro de un ciclo.';

--
-- Volcado de datos para la tabla `ciclo_materia`
--

INSERT INTO `ciclo_materia` (`id`, `id_ciclo`, `id_materia`, `id_regimen`, `horas`, `hs_total`, `programa`, `anio`, `codigo`) VALUES
(1, 1, 1, 2, 6, 96, '1.pdf', 1, 1),
(2, 1, 2, 2, 6, 96, '2.pdf', 1, 2),
(3, 1, 3, 2, 6, 96, '3.pdf', 1, 3),
(4, 1, 4, 3, 6, 96, '4.pdf', 1, 4),
(5, 1, 5, 3, 5, 80, '5.pdf', 1, 5),
(6, 1, 6, 3, 5, 80, '6.pdf', 1, 6),
(7, 1, 7, 3, 5, 80, '7.pdf', 1, 7),
(8, 1, 8, 2, 5, 80, '8.pdf', 2, 8),
(9, 1, 9, 2, 6, 96, '9.pdf', 2, 9),
(10, 1, 10, 2, 6, 96, '10.pdf', 2, 10),
(11, 1, 11, 2, 6, 96, '11.pdf', 2, 11),
(12, 1, 12, 3, 6, 96, '12.pdf', 2, 12),
(13, 1, 13, 3, 6, 96, '13.pdf', 2, 13),
(14, 1, 14, 3, 6, 96, '14.pdf', 2, 14),
(15, 1, 15, 3, 6, 96, '15.pdf', 2, 15),
(16, 1, 16, 2, 7, 112, '16.pdf', 3, 16),
(18, 1, 18, 2, 5, 80, '17.pdf', 3, 17),
(19, 1, 19, 2, 6, 96, '18.pdf', 3, 18),
(20, 1, 20, 2, 6, 96, '19.pdf', 3, 19),
(21, 1, 21, 3, 6, 96, '20.pdf', 3, 20),
(22, 1, 22, 3, 6, 96, '21.pdf', 3, 21),
(23, 1, 23, 3, 5, 80, '22.pdf', 3, 22),
(24, 1, 24, 3, 6, 96, '23.pdf', 3, 23),
(25, 1, 25, 2, 6, 96, '24.pdf', 4, 24),
(26, 1, 26, 2, 6, 96, '25.pdf', 4, 25),
(27, 1, 27, 2, 6, 96, '26.pdf', 4, 26),
(28, 1, 28, 2, 6, 96, '27.pdf', 4, 27),
(29, 1, 29, 3, 6, 96, NULL, 4, 28),
(30, 1, 30, 3, 6, 96, NULL, 4, 29),
(31, 1, 31, 3, 6, 96, NULL, 4, 30),
(32, 1, 32, 3, 6, 96, '31.pdf', 4, 31),
(33, 1, 33, 2, 6, 96, '32.pdf', 5, 32),
(34, 1, 34, 2, 6, 96, NULL, 5, 33),
(35, 1, 35, 2, 6, 96, NULL, 5, 34),
(36, 1, 36, 3, 6, 96, NULL, 5, 35),
(37, 1, 37, 1, 6, 192, NULL, 5, 36),
(38, 2, 38, 3, 6, 96, '37.pdf', 4, 37),
(39, 3, 39, 3, 0, 0, '38.pdf', 4, 38),
(40, 2, 40, 3, 0, 0, NULL, 4, 39),
(41, 3, 41, 3, 0, 0, NULL, 4, 40),
(42, 2, 42, 3, 0, 0, NULL, 1, 41),
(43, 3, 43, 3, 0, 0, NULL, 4, 42),
(44, 2, 44, 1, 0, 0, '43.pdf', 5, 43),
(45, 2, 45, 2, 0, 0, '44.pdf', 5, 44),
(46, 2, 46, 2, 0, 0, '45.pdf', 5, 45),
(47, 2, 47, 1, 0, 0, '46.pdf', 5, 46),
(48, 2, 48, 1, 0, 0, '47.pdf', 1, 47),
(49, 2, 49, 1, 6, 96, '48.pdf', 5, 48),
(50, 2, 50, 1, 0, 0, '49.pdf', 5, 49),
(51, 2, 51, 1, 0, 0, '50.pdf', 1, 50),
(52, 3, 52, 1, 0, 0, '431.pdf', 5, 51),
(53, 3, 53, 1, 6, 96, '52.pdf', 5, 52),
(54, 3, 54, 2, 6, 96, '53.pdf', 5, 53),
(55, 3, 55, 2, 6, 96, '54.pdf', 5, 54),
(56, 3, 56, 2, 6, 96, NULL, 5, 55),
(57, 2, 57, 2, 6, 96, '56.pdf', 5, 56),
(58, 2, 58, 2, 6, 96, '57-58.pdf', 5, 57),
(59, 3, 59, 2, 6, 96, '57-581.pdf', 5, 58);

-- --------------------------------------------------------

--
-- Estructura de tabla para la tabla `correlativas`
--

DROP TABLE IF EXISTS `correlativas`;
CREATE TABLE IF NOT EXISTS `correlativas` (
  `id` bigint(11) NOT NULL AUTO_INCREMENT,
  `id_ciclo_materia` int(11) NOT NULL,
  `id_correlativa` int(11) NOT NULL,
  `id_correlativa_tipo` int(11) DEFAULT NULL,
  PRIMARY KEY (`id`),
  KEY `id_correlativa` (`id_correlativa`),
  KEY `id_ciclo` (`id_ciclo_materia`),
  KEY `id_correlativa_tipo` (`id_correlativa_tipo`)
) ENGINE=InnoDB AUTO_INCREMENT=264 DEFAULT CHARSET=utf8 COLLATE=utf8_spanish_ci COMMENT='Tabla de unión para definir el tipo de correlatividad y correlatividades de las materias.';

--
-- Volcado de datos para la tabla `correlativas`
--

INSERT INTO `correlativas` (`id`, `id_ciclo_materia`, `id_correlativa`, `id_correlativa_tipo`) VALUES
(1, 4, 2, 1),
(2, 4, 3, 1),
(3, 4, 2, 3),
(4, 4, 3, 3),
(5, 5, 3, 1),
(6, 5, 3, 3),
(7, 6, 1, 1),
(8, 6, 2, 1),
(9, 6, 1, 3),
(10, 6, 2, 3),
(11, 7, 2, 1),
(12, 7, 3, 1),
(13, 7, 2, 3),
(14, 7, 3, 3),
(15, 8, 4, 1),
(16, 8, 1, 1),
(17, 8, 4, 3),
(18, 8, 1, 3),
(19, 9, 5, 1),
(20, 9, 5, 3),
(21, 10, 6, 1),
(22, 10, 7, 1),
(23, 10, 6, 3),
(24, 10, 7, 3),
(25, 11, 4, 1),
(26, 11, 6, 1),
(27, 11, 7, 1),
(28, 11, 4, 3),
(29, 11, 6, 3),
(30, 11, 7, 3),
(31, 12, 8, 1),
(32, 12, 10, 1),
(33, 12, 8, 3),
(34, 12, 10, 3),
(35, 13, 8, 1),
(36, 13, 8, 3),
(37, 14, 10, 1),
(38, 14, 11, 1),
(39, 14, 10, 3),
(40, 14, 11, 3),
(41, 15, 10, 1),
(42, 15, 10, 3),
(43, 16, 9, 1),
(44, 16, 12, 1),
(45, 16, 13, 1),
(46, 16, 9, 3),
(47, 16, 12, 3),
(48, 16, 13, 3),
(49, 18, 12, 1),
(50, 18, 13, 1),
(51, 18, 12, 3),
(52, 18, 13, 3),
(53, 19, 12, 1),
(54, 19, 13, 1),
(55, 19, 15, 1),
(56, 19, 12, 3),
(57, 19, 13, 3),
(58, 19, 15, 3),
(59, 20, 9, 1),
(60, 20, 14, 1),
(61, 20, 9, 3),
(62, 20, 14, 3),
(63, 21, 14, 1),
(64, 21, 18, 1),
(65, 21, 14, 3),
(66, 21, 18, 3),
(67, 22, 14, 1),
(68, 22, 18, 1),
(69, 22, 14, 3),
(70, 22, 18, 3),
(71, 23, 14, 1),
(72, 23, 15, 1),
(73, 23, 16, 1),
(74, 23, 14, 3),
(75, 23, 15, 3),
(76, 23, 16, 3),
(77, 24, 15, 3),
(78, 24, 16, 3),
(79, 24, 19, 3),
(80, 24, 15, 1),
(81, 24, 16, 1),
(82, 24, 19, 1),
(83, 25, 22, 1),
(84, 25, 23, 1),
(85, 25, 22, 3),
(86, 25, 23, 3),
(87, 26, 21, 1),
(88, 26, 23, 1),
(89, 26, 21, 3),
(90, 26, 23, 3),
(91, 27, 21, 1),
(92, 27, 23, 1),
(93, 27, 21, 3),
(94, 27, 23, 3),
(95, 28, 15, 1),
(96, 28, 20, 1),
(97, 28, 24, 1),
(98, 28, 15, 3),
(99, 28, 20, 3),
(100, 28, 24, 3),
(101, 38, 20, 1),
(102, 38, 25, 1),
(103, 38, 26, 1),
(104, 38, 20, 3),
(105, 38, 25, 3),
(106, 38, 26, 3),
(107, 39, 28, 1),
(108, 39, 24, 1),
(109, 39, 26, 1),
(110, 39, 28, 3),
(111, 39, 24, 3),
(112, 39, 26, 3),
(113, 40, 20, 1),
(114, 40, 26, 1),
(115, 40, 27, 1),
(116, 40, 20, 3),
(117, 40, 26, 3),
(118, 40, 27, 3),
(119, 41, 24, 1),
(120, 41, 26, 1),
(121, 41, 27, 1),
(122, 41, 24, 3),
(123, 41, 26, 3),
(124, 41, 27, 3),
(125, 42, 20, 1),
(126, 42, 25, 1),
(127, 42, 26, 1),
(128, 42, 20, 3),
(129, 42, 25, 3),
(130, 42, 26, 3),
(131, 43, 24, 1),
(132, 43, 28, 1),
(133, 43, 24, 3),
(134, 43, 28, 3),
(135, 32, 23, 1),
(136, 32, 25, 1),
(137, 32, 23, 3),
(138, 32, 25, 3),
(139, 33, 20, 1),
(140, 33, 25, 1),
(141, 33, 26, 1),
(142, 33, 20, 3),
(143, 33, 25, 3),
(144, 33, 26, 3),
(145, 37, 25, 1),
(146, 37, 26, 1),
(147, 37, 27, 1),
(148, 37, 28, 1),
(149, 37, 30, 1),
(150, 37, 31, 1),
(151, 37, 32, 1),
(152, 37, 29, 1),
(153, 37, 25, 3),
(154, 37, 26, 3),
(155, 37, 27, 3),
(156, 37, 27, 3),
(157, 37, 28, 3),
(158, 37, 29, 3),
(159, 37, 30, 3),
(160, 37, 31, 3),
(161, 37, 32, 3),
(162, 52, 29, 1),
(163, 52, 30, 1),
(164, 52, 31, 1),
(165, 52, 29, 3),
(166, 52, 30, 3),
(167, 52, 31, 3),
(168, 44, 29, 1),
(169, 44, 30, 1),
(170, 44, 31, 1),
(171, 44, 29, 3),
(172, 44, 30, 3),
(173, 44, 31, 3),
(174, 45, 29, 1),
(175, 45, 30, 1),
(176, 45, 31, 1),
(177, 45, 29, 3),
(178, 45, 30, 3),
(179, 45, 31, 3),
(180, 46, 29, 1),
(181, 46, 30, 1),
(182, 46, 31, 1),
(183, 46, 29, 3),
(184, 46, 30, 3),
(185, 46, 31, 3),
(186, 47, 29, 1),
(187, 47, 30, 1),
(188, 47, 31, 1),
(189, 47, 29, 3),
(190, 47, 30, 3),
(191, 47, 31, 3),
(192, 48, 29, 1),
(193, 48, 30, 1),
(194, 48, 31, 1),
(195, 48, 29, 3),
(196, 48, 30, 3),
(197, 48, 31, 3),
(198, 49, 29, 1),
(199, 49, 30, 1),
(200, 49, 31, 1),
(201, 49, 29, 3),
(202, 49, 30, 3),
(203, 49, 31, 3),
(204, 50, 29, 1),
(205, 50, 30, 1),
(206, 50, 31, 1),
(207, 50, 29, 3),
(208, 50, 30, 3),
(209, 50, 31, 3),
(210, 51, 29, 1),
(211, 51, 30, 1),
(212, 51, 31, 1),
(213, 51, 29, 3),
(214, 51, 30, 3),
(215, 51, 31, 3),
(216, 57, 29, 1),
(217, 57, 30, 1),
(218, 57, 31, 1),
(219, 57, 29, 3),
(220, 57, 30, 3),
(221, 57, 31, 3),
(222, 58, 29, 1),
(223, 58, 30, 1),
(224, 58, 31, 1),
(225, 58, 29, 3),
(226, 58, 30, 3),
(227, 58, 31, 3),
(228, 59, 29, 1),
(229, 59, 30, 1),
(230, 59, 31, 1),
(231, 59, 29, 3),
(232, 59, 30, 3),
(233, 59, 31, 3),
(234, 53, 29, 1),
(235, 53, 30, 1),
(236, 53, 31, 1),
(237, 53, 29, 3),
(238, 53, 30, 3),
(239, 53, 31, 3),
(240, 54, 29, 1),
(241, 54, 30, 1),
(242, 54, 31, 1),
(243, 54, 29, 3),
(244, 54, 30, 3),
(245, 54, 31, 3),
(246, 55, 29, 1),
(247, 55, 30, 1),
(248, 55, 31, 1),
(249, 55, 29, 3),
(250, 55, 30, 3),
(251, 55, 31, 3),
(258, 56, 29, 1),
(259, 56, 30, 1),
(260, 56, 31, 1),
(261, 56, 29, 3),
(262, 56, 30, 3),
(263, 56, 31, 3);

-- --------------------------------------------------------

--
-- Estructura de tabla para la tabla `correlativas_tipo`
--

DROP TABLE IF EXISTS `correlativas_tipo`;
CREATE TABLE IF NOT EXISTS `correlativas_tipo` (
  `id` int(11) NOT NULL AUTO_INCREMENT,
  `descripcion` varchar(50) CHARACTER SET utf8 DEFAULT NULL,
  PRIMARY KEY (`id`)
) ENGINE=InnoDB AUTO_INCREMENT=4 DEFAULT CHARSET=utf8 COLLATE=utf8_spanish_ci COMMENT='Datos básicos de los tipos de correlatividades.' ROW_FORMAT=COMPRESSED;

--
-- Volcado de datos para la tabla `correlativas_tipo`
--

INSERT INTO `correlativas_tipo` (`id`, `descripcion`) VALUES
(1, 'Regularizada para cursar'),
(2, 'Aprobada para cursar'),
(3, 'Aprobada para rendir');

-- --------------------------------------------------------

--
-- Estructura de tabla para la tabla `cursos`
--

DROP TABLE IF EXISTS `cursos`;
CREATE TABLE IF NOT EXISTS `cursos` (
  `id` bigint(20) NOT NULL AUTO_INCREMENT,
  `fecha_inicio` date NOT NULL,
  `fecha_fin` date NOT NULL,
  `modalidad` varchar(300) COLLATE utf8_spanish_ci DEFAULT NULL,
  `nombre` varchar(300) COLLATE utf8_spanish_ci NOT NULL,
  `enlace` varchar(300) COLLATE utf8_spanish_ci DEFAULT NULL,
  `profesor` varchar(150) COLLATE utf8_spanish_ci DEFAULT NULL,
  `publicado` tinyint(1) NOT NULL,
  PRIMARY KEY (`id`)
) ENGINE=InnoDB DEFAULT CHARSET=utf8 COLLATE=utf8_spanish_ci COMMENT='Datos básicos de los cursos.';

-- --------------------------------------------------------

--
-- Estructura de tabla para la tabla `cvar`
--

DROP TABLE IF EXISTS `cvar`;
CREATE TABLE IF NOT EXISTS `cvar` (
  `id` int(11) NOT NULL AUTO_INCREMENT,
  `id_docente` int(11) NOT NULL,
  `areas` varchar(1500) CHARACTER SET latin1 DEFAULT NULL,
  `experticia` varchar(1500) CHARACTER SET latin1 DEFAULT NULL,
  `grado` varchar(1500) CHARACTER SET latin1 DEFAULT NULL,
  `especializacion` varchar(1500) CHARACTER SET latin1 DEFAULT NULL,
  `maestria` varchar(1500) CHARACTER SET latin1 DEFAULT NULL,
  `doctorado` varchar(1500) CHARACTER SET latin1 DEFAULT NULL,
  PRIMARY KEY (`id`),
  KEY `id_docente` (`id_docente`)
) ENGINE=InnoDB AUTO_INCREMENT=57 DEFAULT CHARSET=utf8 COLLATE=utf8_spanish_ci COMMENT='Datos de un CV resumido de los docentes.';

--
-- Volcado de datos para la tabla `cvar`
--

INSERT INTO `cvar` (`id`, `id_docente`, `areas`, `experticia`, `grado`, `especializacion`, `maestria`, `doctorado`) VALUES
(1, 1, 'CIENCIAS NATURALES Y EXACTAS - CIENCIAS BIOLÓGICAS', 'HISTOLOGÍA: TÉCNICAS CITOHISTOLÓGICAS, HISTOQUÍMICA E INMUNOHISTOQUÍMICA. BIOPESTICIDAS DE ORIGEN VEGETAL.MECANISMOS DE ACCIÓN, VÍAS DE SEÑALIZACIÓN INTRACELULAR.REPRODUCCIÓN', 'BIOQUÍMICA -  Estado Completo', 'ESPECIALISTA EN DOCENCIA EN ENTORNOS VIRTUALES -  Estado Completo', 'MAGISTER EN DOCENCIA UNIVERSITARIA EN CIENCIAS DE LA SALUD -  Estado Completo', 'DOCTOR EN BIOQUÍMICA -  Estado Completo'),
(2, 2, 'CIENCIAS NATURALES Y EXACTAS - CIENCIAS QUÍMICAS', 'ELECTROFISIOLOGIA, MANEJO DE ANIMALES DE LABORATORIO, INMUNOHISTOQUIMICA', 'LICENCIADO EN QUÍMICA FARMACÉUTICA -  Estado Completo', 'ESPECIALISTA EN TECNOLOGÍAS MULTIMEDIA PARA DESARROLLOS EDUCATIVOS -  Estado Incompleto', NULL, 'DOCTOR EN CIENCIAS QUÍMICAS -  Estado Completo'),
(3, 3, 'CIENCIAS AGRÍCOLAS - AGRICULTURA, SILVICULTURA Y PESCA', 'PLAGAS Y ENFERMEDADES DEL NOGAL.', 'INGENIERO AGRÓNOMO -  Estado Completo', NULL, NULL, NULL),
(4, 4, 'CIENCIAS SOCIALES - CIENCIAS DE LA EDUCACIÓN', 'MI EXPERTICIA PROFESIONAL SURGE DE MI FORMACIÓN ACADÉMICA. MI TÍTULO DE GRADO: LIC. EN EDUCACIÓN ESPECIAL, PROFESORA EN PSICOPEDAGOGÍA  HAN PERMITIDO DESEMPEÑARME EN LA FORMACIÓN DOCENTE SUPERIOR, EN LOS ESPACIOS DE FORMACIÓN PEDAGÓGICA.(DIDÁCTICA, CURRÍCULUM, PRACTICA DOCENTE, METODOLOGÍA DE LA INVESTIGACIÓN) DENTRO DEL ISFD ADEMÁS DE LAS TAREAS DOCENTES, PUDE CUMPLIR FUNCIONES EN EL DPTO DE INVESTIGACIÓN, COMO MIEMBRO Y DIRECTORA DE PROYECTOS APROBADOS POR EL INFD.', 'LICENCIADA EN EDUCACIÓN ESPECIAL -  Estado Completo', NULL, 'MAGISTER EN CIENCIAS SOCIALES Y HUMANIDADES.CON ORIENTACIÓN EN EVALUACIÓN E INVESTIGACIÓN EDUCATIVA -  Estado Incompleto', NULL),
(5, 5, 'CIENCIAS AGRÍCOLAS - PRODUCCIÓN ANIMAL Y LECHERÍA, CIENCIAS AGRÍCOLAS - PRODUCCIÓN ANIMAL Y LECHERÍA', 'PARA EL ESTUDIO DEL TEMA DE INVESTIGACIÓN DE MI TESIS DOCTORAL, EN NUESTRO GRUPO DE TRABAJO HEMOS DESARROLLADO COMPETENCIAS DENTRO DE LAS ÁREAS: BIOLOGÍA REPRODUCTIVA, SEÑALIZACIÓN CELULAR, CULTIVOS CELULARES, ANÁLISIS E IDENTIFICACIÓN HORMONALES,HISTOLOGÍA Y MICROSCOPÍA.ENTRENAMIENTO EN BÚSQUEDA BIBLIOGRÁFICA, DISCUSIÓN EN SEMINARIOS DE INVESTIGACIÓN, PRESENTACIÓN EN CONGRESOS, REDACCIÓN DE INFORMES Y DE TRABAJOS DE INVESTIGACIÓN EN REVISTAS INTERNACIONALES. ACTUALMENTE SOY INTEGRANTE DE UN GRUPO DE INVESTIGACIÓN CUYO OBJETIVO ES ESTUDIAR EL EFECTO DEL ORUJO DE UVA EN EL CRECIMIENTO DE GANADO CAPRINO PARA SER REUTILIZADO YA QUE ES PRODUCTO DE DESECHO DE LA INDUSTRIA VITIVINICOLA. PARA ELLO NOS ESTAMOS ENTRENANDO EN EL MANEJO DE CAPRINOS EN CAMPO, BÚSQUEDA BIBLIOGRÁFICA, ANÁLISIS HORMONALES Y NUTRICIONALES Y PRESENTACIONES A CONGRESOS.', 'LICENCIADO EN CIENCIAS BIOLÓGICAS -  Estado Completo', NULL, NULL, 'DOCTOR EN CIENCIAS BIOLÓGICAS -  Estado Completo'),
(6, 6, NULL, NULL, NULL, NULL, NULL, NULL),
(7, 7, NULL, NULL, NULL, NULL, NULL, NULL),
(8, 8, 'CIENCIAS NATURALES Y EXACTAS - CIENCIAS BIOLÓGICAS, CIENCIAS NATURALES Y EXACTAS - CIENCIAS BIOLÓGICAS', 'ACTUALMENTE ME ENCUENTRO REALIZANDO INVESTIGACIONES SOBRE EL MECANISMO DE ACCIÓN DE COMPUESTOS QUÍMICOS DE ORIGEN VEGETAL SOBRE EL CONTROL DE ESPECIES PLAGA DE NUECES ALMACENADAS Y EN SU DESARROLLO COMO  POSIBLES BIOPSTICIDAS.   ', 'LICENCIADO EN CIENCIAS BIOLÓGICAS -  Estado Completo', NULL, NULL, NULL),
(9, 9, 'CIENCIAS NATURALES Y EXACTAS - CIENCIAS BIOLÓGICAS, CIENCIAS NATURALES Y EXACTAS - CIENCIAS BIOLÓGICAS', 'SOY BIÓLOGO DE FORMACIÓN BÁSICA. HICE MI DOCTORADO EN CIENCIAS BIOLÓGICAS EN LA UNC EN ECOLOGÍA DE MOSQUITOS VECTORES DE FLAVIVIRUS. A SU VEZ, COMO LINEA PARALELA DE INVESTIGACIÓN ME DEDICO A LA BÚSQUEDA ALTERNATIVAS BIOLÓGICAS DE ORIGEN VEGETAL PARA EL CONTROL DE DIVERSAS PLAGAS TANTO DE INTERÉS SANITARIO COMO INTERÉS AGRÍCOLA.', 'BIÓLOGO -  Estado Completo', NULL, NULL, 'DOCTOR EN BIOLOGÍA -  Estado Completo'),
(10, 10, 'CIENCIAS NATURALES Y EXACTAS - CIENCIAS QUÍMICAS', 'FARMACÉUTICA, TÍTULO OTORGADO POR LA UNC.DIPLOMATURA SUPERIOR EN FORMACIÓN DOCENTE, UNDEC - EN CURSO.MI ACTUACIÓN PROFESIONAL SE DESARROLLA EN ACTIVIDADES DE DOCENCIA EN EL NIVEL SUPERIOR EN EL ÁREA DE QUÍMICA (GENERAL, ORGÁNICA E INORGÁNICA).ACTUALMENTE PARTICIPO EN UNA LÍNEA DE INVESTIGACIÓN EN EL INSTITUTO DE INVESTIGACIÓN EDUCATIVA - UNDEC- LA ENSEÑANZA Y APRENDIZAJE DE CIENCIAS EN LA ESCUELAS SECUNDARIAS DE CHILECITO.', 'FARMACÉUTICA -  Estado Completo', NULL, NULL, NULL),
(11, 11, 'CIENCIAS NATURALES Y EXACTAS - CIENCIAS BIOLÓGICAS', 'TAREAS REALIZADAS EJECUCIÓN Y/O SEGUIMIENTO DE ENSAYOS A CAMPO, ELABORACIÓN DE INFORMES Y PUBLICACIONES, MUESTREO DE SUELO Y MATERIAL VEGETAL. ANÁLISIS FÍSICO-QUÍMICOS Y BIOLÓGICOS DE CALIDAD DE SUELO Y PLANTA. MICROSCOPIA ÓPTICA Y ESTEREOSCÓPICA AL CUANTIFICAR EL PORCENTAJE DE INFECCIÓN DE RAÍCES CON MICORRIZAS Y CUANTIFICACIÓN DE HIFAS, ARBÚSCULOS Y VESÍCULAS. NODULACIÓN: PRUEBA DE INFECTIVIDAD EN PLÁNTULAS. FÓSFORO, NITRATOS, CARBONO DE LA BIOMASA MICROBIANA, RESPIRACIÓN Y BIOMASA MICROBIANA, COEFICIENTE METABÓLICO, FOSFATASA ÁCIDA, HIDRÓLISIS DE FLUORESCEÍNA DIACETATO, PROTEÍNAS REACTIVAS A BRADFORT.SITUACIÓN ACTUAL BECARIA CONICET. LUGAR DE TRABAJO: LABORATORIO DE ALTA COMPLEJIDAD - UNIVERSIDAD NACIONAL DE CHILECITO. TEMA DE INVESTIGACIÓN: IDENTIFICACIÓN Y CARACTERIZACIÓN DE LOS HONGOS MICORRÍCICOS ARBUSCULARES AUTÓCTONOS EN SIMBIOSIS CON OLIVO: UNA APROXIMACIÓN METABOLÓMICA HACIA LA COMPRENSIÓN DE LOS MECANISMOS FISIOLÓGICOS/BIOQUÍMICOS RELACIONADOS CON LA MITIGACIÓN DE LA SEQUÍA.', 'INGENIERA AGRÓNOMA -  Estado Completo', NULL, NULL, 'DOCTOR EN CIENCIAS AGROPECUARIAS -  Estado Incompleto'),
(12, 12, 'CIENCIAS NATURALES Y EXACTAS - CIENCIAS BIOLÓGICAS', 'REALIZO OBSERVACIONES EN MICROSCOPIO SOBRE MORFOLOGÍA VEGETAL, Y TRABAJO CON ANÁLISIS QUÍMICOS DE ALIMENTOS. OBSERVACIÓN DE AVES EN AMBIENTES AGRÍCOLAS.', 'LICENCIADA EN CIENCIAS BIOLÓGICAS. ORIENTACIÓN EN ZOOLOGÍA -  Estado Completo', NULL, 'MAGISTER EN CIENCIA Y TECNOLOGÍA DE LOS ALIMENTOS -  Estado Incompleto', NULL),
(13, 13, 'CIENCIAS SOCIALES - CIENCIAS DE LA EDUCACIÓN', 'SOY LICENCIADA Y PROFESORA EN PSICOPEDAGOGÍA. MI TAREA PROFESIONAL SE DESENVUELVE EN EL CAMPO DE LA FORMACIÓN INICIAL Y CONTINUA DE DOCENTES PARA EL NIVEL SUPERIOR UNIVERSITARIO Y NO UNIVERSITARIO. TENGO FORMACIÓN EN INVESTIGACIÓN EDUCATIVA, LO CUAL ME PERMITE DESEMPEÑARME EN EL CAMPO DE SU ENSEÑANZA COMO ASÍ TAMBIÉN EN LA PRÁCTICA DE LA MISMA. CABE DESTACAR QUE ME ENCUENTRO FINALIZANDO UNA ESPECIALIZACIÓN EN INVESTIGACIÓN Y EVALUACIÓN EDUCATIVA Y EN PROCESO DE REALIZACIÓN DE TESIS DE MAESTRÍA DEL MISMO NOMBRE. MIS TRABAJOS DE INVESTIGACIÓN HAN FOCALIZADO FUNDAMENTALMENTE EN EL CAMPO DE LA FORMACIÓN DE DOCENTES, LAS TRAYECTORIAS EDUCATIVAS, LAS REPRESENTACIONES SOCIALES SOBRE FORMACIÓN PEDAGÓGICA E INCLUSIÓN EDUCATIVA.', 'PROFESORA EN PSICOPEDAGOGÍA -  Estado Completo, LICENCIADA EN PSICOPEDAGOGÍA -  Estado Completo', 'ESPECIALISTA EN CIENCIAS SOCIALES. MENCIÓN EVALUACIÓN E INVESTIGACIÓN EDUCATIVA -  Estado Completo', 'MAGISTER EN CIENCIAS SOCIALES Y HUMANIDADES CON ORIENTACIÓN EN EVALUACIÓN E INVESTIGACIÓN EDUCATIVA -  Estado Completo', NULL),
(14, 14, 'CIENCIAS NATURALES Y EXACTAS - CIENCIAS BIOLÓGICAS', 'DIRIJO PROYECTO DE INVESTIGACIÓN EN LÍQUENES   DE LA PROVINCIA DE LA RIOJA (2014-A LA ACTUALIDAD).DIRIJO Y CO DIRIJO  A 2 BECARIOS CIN EN EL TEMA.  Y EN PROYECTOS DE EXTENSIÓN CON HONGOS COMESTIBLES (2013-2018).  FORMÉ PARTE DE PROYECTOS DE INVESTIGACIÓN EN ESPECIAL EN ENFERMEDADES CUARETENARIAS EN CITRUS (MANCHA NEGRA Y SANA DE LOS CITRUS) (2000-2008).BECA DE CIUNT EN TUCUMÁN  AÑO 199-2001 PARA INVESTIGAR EN SARNA DE LOS CITRUS.   MIS CONOCIMIENTOS SE CENTRAN EN LA IDENTIFICACIÓN TAXONÓMICA DE DE HONGO Y CON ÉNFASIS EN LOS LÍQUENES PRESENTES EN LA RIOJA (TESIS DOCTORAL)CONOCIMIENTO DE LAS TÉCNICAS DE RAPD, PCR, CROMATOGRAFÍA.', 'LICENCIADA EN CS. BIOLÓGICAS OR. BOTÁNICA -  Estado Completo', NULL, NULL, 'DR. EN CS. BIOLÓGICAS -  Estado Incompleto'),
(15, 15, 'INGENIERÍAS Y TECNOLOGÍAS - OTRAS INGENIERÍAS Y TECNOLOGÍAS', 'GESTIÓN DE TIEMPOS, ORGANIZACIÓN Y CONTROL DE LA PRODUCCIÓN. DESARROLLO DE CLASES DE FISICA.', 'INGENIERO INDUSTRIAL -  Estado Completo', 'ESPECIALIZACIÓN DE DOCENCIA DE NIVEL SUPERIOR -  Estado Completo', NULL, NULL),
(16, 16, 'CIENCIAS NATURALES Y EXACTAS - CIENCIAS BIOLÓGICAS', 'DOCENCIA EN EL ÁMBITO DE LA MICROBIOLOGÍA E INVESTIGACIÓN EN EL ÁMBITO DE LA FITOPATOLOGÍA DESTINADA AL CONTROL DE PLAGAS Y ENFERMEDADES FRUTALES.', 'PROFESORA PARA LA ENSEÑANZA MEDIA Y SUPERIOR EN CIENCIAS BIOLÓGICAS -  Estado Completo', 'POSTITULO DE ACTUALIZACION DOCENTE EN GESTION INSTITUCIONAL COMPETITIVA -  Estado Completo, POSTITULO DE ACTUALIZACION DOCENTE EN LA ENSEÑANZA DE CIENCIAS NATURALES -  Estado Completo, POSTITULO DE ACTUALIZACION DOCENTE EN EVALUACION INSTITUCIONAL -  Estado Completo', NULL, NULL),
(17, 17, 'CIENCIAS NATURALES Y EXACTAS - CIENCIAS FÍSICAS', 'INGENIERO CIVIL. MAGISTER EN ENSEÑANZA DE LA CIANCIA ÁREA FÍSICA. ', 'LICENCIADO EN COMUNICACIÓN SOCIAL -  Estado Completo, INGENIERO CIVIL -  Estado Completo', 'ESPECIALISTA EN DOCECIA UNIVERSITARIA -  Estado Completo', 'MAGISTER EN ENSEÑANZA DE LAS CIENCIAS - ÁREA FÍSICA -  Estado Completo', NULL),
(19, 19, 'CIENCIAS NATURALES Y EXACTAS - CIENCIAS BIOLÓGICAS', 'TRABAJO CON PRODUCTOS NATURALES OBTENIDOS DE VEGETALES QUE PRESENTAN ACTIVIDAD REPELENTE, ANTIALIMENTARIA E INSECTICIDA. ESPECÍFICAMENTE DETERMINANDO LOS PARÁMETROS COMO INDICE NUTRICIONES, TOXICIDAD, MALFORMACIONES A LO LARGO DEL CICLO BIOLÓGICO DE LOS INSECTOS DE IMPORTANCIA AGRÍCOLA.', 'LICENCIADO EN CIENCIAS BIOLÓGICAS -  Estado Completo', 'ESPECIALISTA EN DOCENCIA UNIVERSITARIA -  Estado Completo', NULL, 'DOCTOR EN CIENCIAS BIOLÓGICAS -  Estado Completo'),
(20, 20, 'CIENCIAS NATURALES Y EXACTAS - CIENCIAS BIOLÓGICAS', 'TAXONOMÍA, SISTEMÁTICA Y BIOECOLOGÍA DE INSECTOS VECTORES DE ENFERMEDADES TROPICALES PRINCIPALMENTE ESPECIES DE MOSQUITOS DEL GÉNERO ANOPHELES DE ARGENTINA, VECTORES DE MALARIA. ASPECTOS DE BIOLOGÍA MOLECULAR (PCR, SSCP Y MANEJO DE PROGRAMAS DE ALINEAMIENTO DE SECUENCIAS DE ADN Y PROTEÍNAS) Y FILOGEOGRAFÍA DE POBLACIONES DE ESPECIES VECTORES DE MALARIA EN ARGENTINA.', 'LICENCIADA EN CIENCIAS BIOLOGICAS ORIENTACION ZOOLOGIA -  Estado Completo, LICENCIADA EN CIENCIAS BIOLOGICAS ORIENTACION ZOOLOGIA -  Estado Completo', NULL, 'MAGISTER EN ENTOMOLOGIA -  Estado Completo', 'DOCTOR EN CIENCIAS BIOLOGICAS -  Estado Completo'),
(22, 22, 'CIENCIAS NATURALES Y EXACTAS - CIENCIAS BIOLÓGICAS', 'MANEJO DE PROGRAMAS APLICADO AL ANÁISIS DE LA DISTRIBUCIÓN DE ESPECIES', 'LICENCIADA EN CIENCIAS BIOLÓGICAS -  Estado Completo', NULL, NULL, 'DOCTORA EN CIENCIAS BIOLÓGICAS -  Estado Completo'),
(23, 23, NULL, NULL, NULL, NULL, NULL, NULL),
(24, 24, 'CIENCIAS NATURALES Y EXACTAS - CIENCIAS BIOLÓGICAS', 'CONTROL BIOLÓGICO DE PLAGAS CON LA UTILIZACIÓN DE ENEMIGOS NATURALES (PARASITOIDES)', 'LICENCIADO EN CIENCIAS BIOLÓGICAS -  Estado Completo', NULL, NULL, 'DOCTOR EN CIENCIAS BIOLÓGICAS -  Estado Completo'),
(25, 25, 'CIENCIAS NATURALES Y EXACTAS - CIENCIAS BIOLÓGICAS', 'LICENCIADA Y DOCTORA GRADUADA EN CS BIOLÓGICAS (UNT). DOCENTE (PROFESOR ASOCIADO) E INVESTIGADORA (UNDEC). HE OBTENIDO EL 1ER ORDEN DE MÉRITO PARA UN PUESTO DE CPA (CONICET). TENGO EXPERIENCIA EN LAS ÁREAS DE HERPETOLOGÍA, ECOLOGÍA Y BIODIVERSIDAD. CON COMPETENCIAS PARA LA EVALUACIÓN, ANÁLISIS Y RESOLUCIÓN DE PROBLEMÁTICAS DE TIPO ECOLÓGICO Y AMBIENTAL DESDE UNA PERSPECTIVA EVOLUTIVA. TAMBIÉN EN LA FORMULACIÓN,  PLANEACIÓN, MONITOREO, Y EJECUCIÓN DE PROYECTOS, PLANES O PROGRAMAS DE INVESTIGACIÓN. CON COMPETENCIAS EN MATERIA DE REVELAMIENTOS BIOLÓGICOS (ANIMALES Y PLANTAS), TÉCNICAS DE CAPTURA Y MANEJO DE ANFIBIOS, SERPIENTES VENENOSAS, LAGARTIJAS Y COLOCACIÓN DE TRAMPAS. MANEJO LAS TÉCNICAS HISTOLÓGICAS DE TEJIDOS ANIMALES; REALIZO EXPERIMENTOS CON ANIMALES EN LABORATORIO. CON COMPETENCIAS EN DISEÑOS DE ESTUDIOS DE CAMPO Y ESTADÍSTICOS; TAMBIÉN EN LECTURA Y PROCESAMIENTO DE DATOS OBTENIDOS DE EQUIPOS METEOROLÓGICOS; DIGITALIZACIÓN Y PROCESAMIENTO DE IMÁGENES.', 'LICENCIADO EN CS. BIOLÓGICAS -  Estado Completo', NULL, NULL, 'DOCTORA EN CIENCIAS BIOLÓGICAS -  Estado Completo'),
(26, 26, 'CIENCIAS SOCIALES - DERECHO, CIENCIAS SOCIALES - OTRAS CIENCIAS SOCIALES', 'NACÍ Y ME FORMÉ EN SUIZA, PAÍS EN EL CUAL ME RECIBÍ DE LICENCIADA EN DERECHO (UNIVERSIDAD DE LAUSANA) Y MÁSTER EN ECOLOGÍA HUMANA (UNIVERSIDADES DE LAUSANA Y GINEBRA). TRABAJÉ EN LA INDUSTRIA TEXTIL, REALIZANDO AUDITORÍAS DE CUMPLIMIENTO DE LA NORMATIVA AMBIENTAL Y LABORAL EN EMPRESAS PROVEEDORAS DE INDUMENTARIA DE ALGODÓN ORGÁNICO PARA EL MERCADO EUROPEO. DESDE 2009 RESIDO EN ARGENTINA. ESTOY HACIENDO EL DOCTORADO EN ORDENAMIENTO TERRITORIAL Y DESARROLLO SOSTENIBLE EN LA UNIVERSIDAD NACIONAL DE CHILECITO.', 'LICENCIADA EN DERECHO -  Estado Completo', 'ESPECIALISTA EN DERECHO AMBIENTAL Y DEL PATRIMONIO CULTURAL (OTORGADO POR LA UNL) - MASTER EN DERECHO AMBIENTAL Y URBANÍSTICO (OTORGADO POR LA UNIVERSIDAD DE LIMOGES) -  Estado Incompleto', 'DESS DIPLOMADO DE ESTUDIOS SUPERIORES ESPECIALIZADOS EN ECOLOGÍA HUMANA -  Estado Completo', 'DOCTOR EN ORDENAMIENTO TERRITORIAL Y DESARROLLO SOSTENIBLE -  Estado Incompleto'),
(27, 27, 'INGENIERÍAS Y TECNOLOGÍAS - INGENIERÍA ELÉCTRICA, INGENIERÍA ELECTRÓNICA E INGENIERÍA DE LA INFORMACIÓN', 'RADIO FRECUENCIA (RF) RADIO Y TV BROADCASTING POR AIRE NORMAS DE TRANSMISION Y AJUSTE DE EQUIPOS DE TRANSMISIÓN EN LABORATORIO DISEÑO POR PARÁMETROS DISTRIBUIDOS.', 'INGENIERO ELECTRONICO -  Estado Completo', NULL, NULL, NULL),
(28, 28, 'CIENCIAS NATURALES Y EXACTAS - CIENCIAS BIOLÓGICAS', 'DESARROLLO PROFESIONAL EN TÉCNICAS HISTOLÓGICAS PARA INVESTIGACIÓN ORIENTADA A CONTROL DE CALIDAD DE PLANTAS MEDICINALES,(FARMACOBOTÁNICA)LOCALIZACIÓN TISULAR DE SUSTANCIAS ÚTILES PRODUCIDAS POR LAS PLANTAS, MONITOREO DE EFECTOS O ALTERACIONES PRODUCIDAS POR CONTAMINANTES EN TEJIDOS VEGETALES, TÉCNICAS DE CITO Y GENOTOXICIDAD. ESTUDIO DE ACTIVIDADES BIOLÓGICAS DE PLANTAS MEDICINALES.', 'LIC. EN CS. BIOLÓGICAS OR. BOTÁNICA -  Estado Completo', NULL, NULL, 'DOCTOR EN BIOQUÍMICA -  Estado Incompleto'),
(29, 29, 'CIENCIAS NATURALES Y EXACTAS - CIENCIAS DE LA TIERRA Y RELACIONADAS CON EL MEDIO AMBIENTE', 'EN LA UNIVERSIDAD SE PROMOVIÓ ADEMÁS DE LA DOCENCIA (ESP. EN DOC. UNIVERSITARIA), LA INVESTIGACIÓN Y LA EXTENSIÓN. EL RECURSO HÍDRICO ES LA DISCIPLINA QUE SE ELIGIÓ PARA EL DESARROLLO DE LA INVESTIGACIÓN Y EXTENSIÓN. SE PARTICIPO EN LA TEMÁTICA PRECEDENTE EN CONGRESOS EN DISTINTOS PUNTOS DEL PAÍS.', 'GEÓLOGO -  Estado Completo', 'ESPECIALISTA EN DOCENCIA UNIVERSITARIO -  Estado Completo', NULL, 'DOCTOR EN CIENCIAS GEOLÓGICAS -  Estado Incompleto'),
(30, 30, 'CIENCIAS NATURALES Y EXACTAS - CIENCIAS BIOLÓGICAS', 'MI DOCTORADO FUE EN INTERACCIÓN PLANTA-INSECTOS POLINIZADORES Y PREDADORES DE SEMILLAS EN AMBIENTESNATIVOS FRAGMENTADOS EN LA PROVINCIA DE CORDOBA. ACTUALMENTE PARTICIPO DE UN PROYECTO QUE EVALUA CARACTERISTICAS DE LA COMUNIDAD VEGETAL DE ALTUA EN LA SIERRA DE FAMATINA Y SU RELACION CON LOS CAMBIOS DE LAS CONDIONES AMBIENTALES. ADEMAS DEL TRABAJO DE CAMPO TAMBIEN REALIZO LA IDENTIFICACION TAXONOMICA DE LAS PLANTAS Y EL PROCESAMIENTOS DE LOS DATOS.', 'BIOLOGA -  Estado Completo', NULL, NULL, 'DOCTORA EN CIENCIAS BIOLOGICAS -  Estado Completo'),
(31, 31, 'CIENCIAS NATURALES Y EXACTAS - CIENCIAS BIOLÓGICAS', 'MASTOZOÓLOGO ESPECIALIZADO EN TAXONOMÍA, DISTRIBUCIÓN Y BIOGEOGRAFÍA DE ROEDORES SIGMODONTINOS.', 'LICENCIADO EN CIENCIAS BIOLÓGICAS, OR. ZOOLOGÍA -  Estado Completo', NULL, NULL, 'DOCTOR EN CIENCIAS BIOLÓGICAS -  Estado Completo'),
(32, 32, 'CIENCIAS NATURALES Y EXACTAS - CIENCIAS DE LA TIERRA Y RELACIONADAS CON EL MEDIO AMBIENTE', 'INVESTIGADOR/DOCENTE DEL INSTITUTO DE AMBIENTE DE MONTAÑA Y REGIONES ÁRIDAS (IAMRA), DE LA UNIVERSIDAD NACIONAL DE CHIELCITO (UNDEC). DE FORMACIÓN DE GRADO SOY GEOLOGO, RECIBIDO DE LA UNIVERSIDAD NACIONAL DE CÓRDOBA (UNC). ACTUALMENTE ESTOY COMENZANDO A REALIZAR UNA TESIS DOCTORAL EN LA GEOMORFOLOGÍA DEL VALLE DE CHILECITO, CON IMÁGENES SATELITALES, GIS, Y TRABAJO DE CAMPO.TENGO CONOCIMIENTO EN SIG (QGIS, ARCGIS), COREL, ENVI, OFFICE, FULL PROF, HIGH SCORE. IDIOMA: INGLES (MEDIO), PORTUGUÉS (BÁSICOS).', 'GEOLOGO -  Estado Completo', 'DIPLOMADO -  Estado Incompleto', NULL, NULL),
(33, 33, 'CIENCIAS NATURALES Y EXACTAS - CIENCIAS BIOLÓGICAS', 'MI TRABAJO SE ENCUADRA EN EL DESARROLLO SOSTENIBLE. MI TESIS DE DOCTORADO TRATA LA INFLUENCIA DE DIFERENTES TIPOS DE URBANIZACIÓN EN LA BIODIVERSIDAD Y EN LA ACTUALIDAD DICTO CHARLAS Y TRABAJO EN EXTENSIÓN PROMOVIENDO LA VEGETACIÓN AUTÓCTONA EN ÁREAS URBANAS.POR OTRO LADO TRABAJO DESDE EL 2008 CON PLANTAS AROMÁTICAS AUTÓCTONAS TANTO EN TEMAS RELACIONADOS CON SU DISTRIBUCIÓN Y ECOLOGÍA ASÍ COMO EN LA INFLUENCIA DE LA RECOLECCIÓN SOBRE LAS POBLACIONES SILVESTRE. TAMBIÉN COLABORO EN PROYECTOS HACIENDO RELEVAMIENTOS DE VEGETACIÓN DEL MONTE DE SIERRAS Y BOLSONES.CON ESTAS LÍNEAS TRABAJO EN FORMA INTERDISCIPLINARIA CON INVESTIGADORES Y GESTORES DE OTRAS DISCIPLINAS Y PRETENDO APORTAR AL ORDENAMIENTO TERRITORIAL Y DE ESTA MANERA AL DESARROLLO SOSTENIBLE DE LA REGIÓN.', 'LICENCIADA EN CIENCIAS BIOLÓGICAS -  Estado Completo', NULL, NULL, 'DOCTORA EN CIENCIAS BIOLÓGICAS -  Estado Completo'),
(34, 34, 'CIENCIAS NATURALES Y EXACTAS - CIENCIAS BIOLÓGICAS, CIENCIAS NATURALES Y EXACTAS - CIENCIAS BIOLÓGICAS, CIENCIAS NATURALES Y EXACTAS - CIENCIAS BIOLÓGICAS', 'ACTUALMENTE ME ENCUENTRO REALIZANDO MI TRABAJO DE TESIS DOCTORAL CON EL OBJETIVO DE OBTENER INFORMACIÓN SOBRE ALGUNOS ASPECTOS DE LA ECOLOGÍA DEL ENSAMBLE DE LAGARTIJAS PSAMÓFILAS QUE SE DISTRIBUYEN EN LA ECOREGIÓN DE MONTE DE SIERRAS Y BOLSONES DE LA PROVINCIA DE LA RIOJA, A FIN DE INCREMENTAR EL CONOCIMIENTO SOBRE VARIABLES DE ESTADO Y AUTOECOLOGÍA DE ESTAS ESPECIES Y, ECOLOGÍA DE ENSAMBLES DE SAURIOS EN NUESTRO PAÍS. LOS RESULTADOS SERÁN RELEVANTES PARA EL DESARROLLO DE ESTRATEGIAS DE MANEJO Y CONSERVACIÓN DE LA BIODIVERSIDAD. LOS EXTENSOS DESMONTES CAUSADOS POR EL AVANCE DEL CRECIMIENTO AGROPECUARIO, LA MINERÍA Y LAS ACTIVIDADES TURÍSTICAS, ENTRE OTROS FACTORES, DENTRO DEL TERRITORIO NACIONAL HAN CAUSADO LA DISMINUCIÓN DE VARIAS POBLACIONES DE ESPECIES DE SAURIOS. ES IMPORTANTE QUE LA INVESTIGACIÓN ECOLÓGICA HAGA UN APORTE DETERMINANTE PARA REDUCIR O EVITAR LA EXTINCIÓN DE ESPECIES Y PROMOVER LA CONSERVACIÓN DE LA BIODIVERSIDAD; PARA ENTENDER Y EXPLICAR LAS INTERACCIONES ECOLÓGICAS ENTRE LOS ORGANISMOS Y SU AMBIENTE.', 'LICENCIADO EN BIOLOGÍA (ORIENTACIÓN ZOOLOGÍA) -  Estado Completo', 'ESPECIALISTA EN DOCENCIA UNIVERSITARIA -  Estado Incompleto', NULL, 'DOCTOR EN CIENCIAS NATURALES -  Estado Incompleto'),
(35, 35, 'CIENCIAS NATURALES Y EXACTAS - CIENCIAS BIOLÓGICAS', 'LICENCIADA EN CIENCIAS BIOLÓGICAS ORIENTACIÓN ZOOLOGÍA POR LA FACULTAD DE CIENCIAS NATURALES E INSTITUTO MIGUEL LILLO (UNT). POSTULANTE AL DOCTORADO EN CS. BIOLÓGICAS. ORNITÓLOGA. TRABAJÉ EN EL CENTRO NACIONAL DE ANILLADO DE AVES ADQUIRIENDO EXPERIENCIA EN RELEVAMIENTOS, MONITOREOS Y ESTUDIO DE COMPORTAMIENTO DE AVES EN DIVERSOS AMBIENTES DEL PAÍS (CHACO, YUNGAS, MONTE, SELVAS EN GALERÍA). COLABORÉ EN PROYECTOS DE INVESTIGACIÓN Y EN LA COLECCIÓN DE AVES DE LA FUNDACIÓN MIGUEL LILLO. ACTUALMENTE SOY DOCENTE-INVESTIGADOR DE LA UNIVERSIDAD NACIONAL DE CHILECITO, DESARROLLO ACTIVIDADES DE INVESTIGACIÓN EN ECOLOGÍA, BIOGRAFÍA Y COMPORTAMIENTO DE LAS COMUNIDADES DE AVES EN AMBIENTES ÁRIDOS Y DE MONTAÑA. TAMBIÉN DESARROLLO ACTIVIDADES DE EDUCACIÓN AMBIENTAL POR LA CONSERVACIÓN DE LAS AVES Y SUS AMBIENTES NATURALES EN EL CLUB DE OBSERVADORES DE AVES (COA CHILECITO).', 'LIC. EN CS. BIOLÓGICAS OR. ZOOLOGÍA -  Estado Completo', NULL, NULL, 'DOCTOR EN CS. BIOLÓGICAS -  Estado Incompleto'),
(36, 36, 'CIENCIAS NATURALES Y EXACTAS - CIENCIAS BIOLÓGICAS', 'MI EXPERIENCIA PROFESIONAL SE BASA PRINCIPALMENTE EN EL ÁREA DE LA MICROBIOLOGÍA Y DENTRO DE ESTA EN EL MANEJO DE TÉCNICAS DE BIOLOGÍA MOLECULAR APLICADAS A LA IDENTIFICACIÓN TAXONÓMICA DE MICROORGANISMOS COMO POR EJ. PCR, RFLP Y ANÁLISIS DE SECUENCIAS DE GENES ADNR, QUE PERMITEN LA IDENTIFICACIÓN Y CARACTERIZACIÓN DE CEPAS DE MICROORGANISMOS. A  LA CONSTRUCCIÓN DE BACTERIAS (E. COLI Y SALMONELLA MODIFICADAS GENÉTICAMENTE MEDIANTE TRANSFORMACIÓN, ELECTRO-TRANSFORMACIÓN, TRANSDUCCIÓN Y POR INACTIVACIÓN DE GENES CROMOSÓMICOS UTILIZANDO FRAGMENTOS DE PCR, TÉCNICA QUE PERMITE TAMBIÉN LA REALIZACIÓN DE FUSIONES TRANSCRIPCIONALES LACZY CROMOSÓMICAS Y VALORACIÓN DE ACTIVIDADES ENZIMÁTICAS MEDIANTE LA DETERMINACIÓN DE LA ACTIVIDAD; GALACTOSIDASA. EN EL AREA BIOQUÍMICA ESPECÍFICAMENTE EN LA SOBREEXPRESIÓN Y PURIFICACIÓN DEL ANTIBIÓTICO PEPTIDICO MICROCINA J25, MEDIANTE CROMATOGRAFÍA LIQUIDA DE ALTA PERFOMANCE, (HPLC) Y DE LA SOBREEXPRESIÓN DE LAS PROTEÍNAS RECOMBINANTES (RCSCCYT-6HIS TAG, RCSDCYT-6HIS TAG O RCSB-6HIS TAG).', 'LICENCIADO EN GENÉTICA -  Estado Completo', NULL, NULL, 'DOCTOR EN CIENCIAS BIOLÓGICAS -  Estado Completo'),
(37, 37, 'CIENCIAS NATURALES Y EXACTAS - OTRAS CIENCIAS NATURALES Y EXACTAS', 'MI DESARROLLO PROFESIONAL ESTA ENFOCADO EN LA INVESTIGACIÓN EN CIENCIAS NATURALES Y AGROPECUARIAS. ACTUALMENTE ESTOY HACIENDO EL DOCTORADO EN CIENCIAS AGROPECUARIAS. MI CAMPO DE ACCIÓN ES LA TELEDETECCIÓN APLICADA A LA AGROMETEOROLOGIA Y AL ESTUDIO DE LOS RECURSOS NATURALES. SOY BECARIO DE FORMACIÓN EN INTA.', 'INGENIERO DE RECURSOS NATURALES RENOVABLES PARA ZONAS ÁRIDAS -  Estado Completo', NULL, NULL, 'DOCTOR EN CIENCIAS AGROPECUARIAS -  Estado Incompleto'),
(38, 38, 'CIENCIAS NATURALES Y EXACTAS - CIENCIAS BIOLÓGICAS', 'TENGO EXPERIENCIA EN: BIOLOGÍA DE CAMPO: CAPTURA, COLECTA Y PREPARACIÓN DE VERTEBRADOS. ORNITOLOGIA DE CAMPO, MUESTREO Y DETERMINACIÓN EN CUALQUIER AMBIENTE. ME ESPECIALIZO EN EL ANÁLISIS DE COMUNIDADES DE AVES PRINCIPALMENTE DE AMBIENTES ACUÁTICOS CONTINENTALES.EN EL SECTOR PRIVADO HE REALIZADO DIVERSOS INFORMES AMBIENTALES Y LINEAS DE BASE PARA EMPRESAS AGROINDUSTRIALES.', 'LICENCIADO EN CIENCIAS BIOLOGICAS -  Estado Completo', NULL, NULL, 'DOCTOR EN CIENCIAS BIOLOGICAS -  Estado Incompleto'),
(39, 39, 'CIENCIAS AGRÍCOLAS - AGRICULTURA, SILVICULTURA Y PESCA, CIENCIAS NATURALES Y EXACTAS - CIENCIAS BIOLÓGICAS', NULL, 'INGENIERO AGRÓNOMO -  Estado Completo', NULL, 'MAGÍSTER  EN CIENCIAS AGROPECUARIAS: MENCIÓN TECNOLOGÍA DE SEMILLAS -  Estado Completo', NULL),
(40, 40, 'CIENCIAS MÉDICAS Y DE LA SALUD - MEDICINA BÁSICA', 'EXPERIENCIA EN TÉCNICAS CITOGENÉTICAS CONVENCIONALES APLICADAS A LA DESCRIPCIÓN CARIOTÍPICA DE PECES NEOTROPICALES. FORMACIÓN INICIAL EN TÉCNICAS CITOGENÉTICAS CONVENSIONALES APLICADAS EN EL DIAGNÓSTICO CITOGENÉTICO HUMANO.', 'LICENCIADO EN GENÉTICA -  Estado Completo', NULL, NULL, NULL),
(41, 41, 'CIENCIAS NATURALES Y EXACTAS - CIENCIAS DE LA TIERRA Y RELACIONADAS CON EL MEDIO AMBIENTE, CIENCIAS SOCIALES - GEOGRAFÍA ECONÓMICA Y SOCIAL', 'PLANEAMIENTO TERRITORIAL Y GESTIÓN DE ACTIVIDADES TURÍSTICAS EN TERRITORIOS CON ALTA FRAGILIDAD. INVESTIGACIÓN MEDIANTE SIGS DE DINÁMICA HÍDRICA SUBTERRÁNEA Y PROCESOS DE CONTAMINACIÓN PARA LA PROPUESTA DE GESTIÓN INTEGRAL. EDUCACIÓN AMBIENTAL MEDIANTE UTILIZACIÓN DE HERRAMIENTAS DE ORDENAMIENTO/GESTIÓN TERRITORIAL. DINÁMICAS POBLACIONALES DE FLORA NATIVA ANTE DISTINTOS TIPOS DE PERTURBACIONES. REVALORIZACIÓN DE GRUPOS SOCIOECONÓMICOS MARGINALES, MEDIANTE TÉCNICAS DE RECOLECCIÓN Y COMERCIALIZACI', 'LICENCIADO EN GESTIÓN AMBIENTAL -  Estado Completo', NULL, 'MASTER EN GESTIÓN AMBIENTAL, MENCIÓN GESTIÓN AMBIENTAL EN ECOSISTEMAS -  Estado Completo', NULL),
(42, 42, 'CIENCIAS NATURALES Y EXACTAS - CIENCIAS DE LA TIERRA Y RELACIONADAS CON EL MEDIO AMBIENTE', 'SOY DOCENTE E INVESTIGADOR CON DEDICACIÓN EXCLUSIVA EN LA UNIVERSIDAD NACIONAL DE CHILECITO (UNDEC) EN LA CARRERA DE CS BIOLÓGICAS, ORIENTACIÓN ECOLOGÍA Y AMBIENTE Y EN EL INSTITUTO DE AMBIENTE DE MONTAÑA Y REGIONES ÁRIDAS (IAMRA - UNDEC). ACTUALMENTE ME ENCUENTRO FINALIZANDO UNA MAESTRÍA EN ORDENAMIENTO TERRITORIAL Y ASPIRO UNA VEZ FINALIZADA, A COMENZAR EL DOCTORADO EN TEMÁTICA SIMILAR. HE REALIZADO MAS DE 230 HORAS EN CURSOS DE POSGRADO EN TEMÁTICAS RELACIONADAS AL TERRITORIO, LA CONSERVACIÓN  DE LA BIODIVERSIDAD, EL ANÁLISIS DE LOS SISTEMAS COMPLEJOS, IMAGENES SATELITALES Y ZONAS ÁRIDAS.TENGO EXPERIENCIA EN LA GESTIÓN Y MANEJO DE GRUPOS (COORDINACIÓN DEL CLUSTER NOGALERO DE LA RIOJA - MIN. AGRO IND. NACIÓN) Y SOY PRODUCTOR AGROECOLÓGICO EN EL VALLE ANTINACO - LOS COLORADOS, LA RIOJA, ARGENTINA.', 'LICENCIADO EN CIENCIAS AMBIENTALES -  Estado Completo', NULL, 'MAGISTER EN ORDENAMIENTO TERRITORIAL -  Estado Incompleto', NULL),
(43, 43, 'CIENCIAS AGRÍCOLAS - BIOTECNOLOGÍA AGROPECUARIA', 'ESPECIALISTA EN PROPAGACIÓN DE PLANTAS HORTÍCOLAS Y FRUTÍCOLAS, MICROPROPAGACIÓN MASIVA DE PLANTAS, TRANSFORMACIÓN GENÉTICA, EMBRIOGÉNESIS SOMÁTICA.  AMPLIOS CONOCIMIENTOS EN PROCESOS BIOTECNOLÓGICOS PARA PRODUCCIÓN DE MACROMOLÉCULAS DE INTERÉS ECONÓMICO. LEGISLACIÓN EN BIOTECNOLOGÍA AGROPECUARIA.', 'INGENIERO AGRÓNOMO -  Estado Completo', 'PROFESOR -  Estado Completo', 'MASTER OF SCIENCE -  Estado Completo', 'DOCTOR -  Estado Incompleto'),
(44, 44, 'CIENCIAS NATURALES Y EXACTAS - CIENCIAS QUÍMICAS', 'REALIZACIÓN DE TRABAJOS DE INVESTIGACIÓN EN EL CAMPO DE LA CINÉTICA DE REACCIONES QUÍMICAS EN FASE GASEOSA DE RADICALES PEQUEÑOS COMO EL RADICAL OH Y ÁTOMOS DE CLORO CON COMPUESTOS ORGÁNICOS VOLÁTILES DE INTERÉS ATMOSFÉRICO, TALES COMO ALCOHOLES INSATURADOS Y ÉTERES SATURADOS E INSATURADOS. REALIZACIÓN DE CÁLCULOS TEÓRICOS UTILIZANDO EL PAQUETE DE PROGRAMAS GAUSSIAN 09, PARA EL CÁLCULO DE LOS PARÁMETRO DE ARRHENIUS Y LAS CONSTANTES DE VELOCIDAD.', 'LICENCIADO EN FISICOQUIMICA -  Estado Completo', NULL, NULL, 'DOCTOR EN CIENCIAS QUIMICAS -  Estado Completo'),
(45, 45, 'CIENCIAS NATURALES Y EXACTAS - MATEMÁTICAS', 'SIN PROYECTO', 'INGENIERO CIVIL -  Estado Completo', NULL, NULL, NULL),
(47, 47, 'CIENCIAS NATURALES Y EXACTAS - CIENCIAS BIOLÓGICAS', 'ME CONSIDERO EXPERTA EN USO DE PRODUCTOS NATURALES DE ORIGEN BOTÁNICO(EXTRACTOS, SUBEXTRACTOS, FRACCIONES DE TLC Y SUSTANCIAS PURAS)   CON ACTIVIDAD SOBRE INSECTOS, MALEZAS Y HONGOS FITOPATÓGENOSPRUEBAS BIOLOGICAS EN LABORATORIO,  EN SEMICAMPO, Y CAMPO. MECANISMOS DE ACCIÓN DE ESOS PRODUCTOS SOBRE SISTEMAS Y  ÓRGANOS DE  INSECTOS.', 'LICENCIADO EN CIENCIAS BIOLÓGICAS -  Estado Completo', NULL, NULL, 'DOCTOR EN CIENCIAS BIOLÓGICAS -  Estado Incompleto'),
(48, 48, 'CIENCIAS NATURALES Y EXACTAS - CIENCIAS BIOLÓGICAS', 'MI FORMACIÓN COMO LICENCIADA EN CIENCIAS BIOLÓGICAS SE INCLINÓ HACIA TEMAS DE DEMANDA AGRÍCOLA. EN PROYECTO DE INVESTIGACIÓN ADQUIRÍ DESTREZA EN TÉCNICAS DE LABORATORIO QUE DETERMINAN LA CALIDAD DE AGUA DE RIEGO Y SUELO PARA USO AGRÍCOLA MEDIANTE ANÁLISIS QUÍMICOS VOLUMÉTRICOS Y POR FOTOMETRÍA DE LLAMA. POSTERIORMENTE, PARA EL POSGRADO ME ABOQUÉ A LA FITOPATOLOGÍA, PARA DETECTAR LA PRESENCIA DE VERTICILLIUM DAHLIAE DE OLIVOS DE LA PROVINCIA DE LA RIOJA A TRAVÉS DE CULTIVOS MICROBIOLÓGICOS Y EXTRACCIONES DE ADN TOTAL A PARTIR DE RAMAS DE OLIVOS SINTOMÁTICOS. A NIVEL MOLECULAR, IDENTIFICO EL HONGO IN PLANTA Y EN AISLAMIENTOS MEDIANTE PCR CONVENCIONAL PONIENDO A PUNTO DISTINTOS PRIMERS. REALIZO EL ANÁLISIS GENÉTICO DE LAS CEPAS AISLADAS Y SECUENCIADAS BUSCANDO DIFERENCIAS A NIVEL MOLECULAR. PARTICIPÉ EN TRABAJOS DE CULTIVO DE TEJIDOS DE PLANTAS (EMBRIOGÉNESIS SOMÁTICA, MICROPROPAGACIÓN, ETC.). SOY DOCENTE AUXILIAR DE INTRODUCCIÓN A LA BIOTECNOLOGÍA Y AGROBIOTECNOLOGÍA EN LA LIC. EN CS. BIOLÓGICAS. FORMO PARTE DE LA COMISIÓN DE SANIDAD DEL CLÚSTER OLIVÍCOLA REPRESENTANDO A LA UNDEC.', 'LICENCIADO EN CIENCIAS BIOLÓGICAS -  Estado Completo', NULL, NULL, 'DOCTOR EN CIENCIAS AGROPECUARIAS -  Estado Incompleto'),
(49, 49, NULL, NULL, 'BIÓLOGA -  Estado Completo', NULL, NULL, 'DOCTOR EN CIENCIAS BIOLÓGICAS -  Estado Completo'),
(50, 50, 'INGENIERÍAS Y TECNOLOGÍAS - INGENIERÍA ELÉCTRICA, INGENIERÍA ELECTRÓNICA E INGENIERÍA DE LA INFORMACIÓN', 'EXPERIENCIA EN ELECTRONICA DE AUTOMATISMO', 'INGENIERO EN ELECTRÓNICA -  Estado Completo', NULL, NULL, NULL),
(51, 51, 'CIENCIAS NATURALES Y EXACTAS - CIENCIAS BIOLÓGICAS', 'EXPERIENCIA EN TÉCNICAS DE FISIOLOGÌA VEGETAL, BIOLOGÍA MOLECULAR,GENÓMICA, TRANSCRIPTÓMICA Y METABOLÓMICA.COMO PRODUCTO DE MI TRABAJO DE INVESTIGACIÒN LOGRÉ AISLAR LOS GENES DE LA SACAROSA SINTASA (METABOLISMO DEL CARBONO), ASPARTATO AMINOTRANSFERASA Y ASPARAGINA SINTETASA(METABOLISMO DEL NITRÓGENO) PRESENTES EN LOS NÒDULOS DE POROTO.CARACTERICE A NIVEL METABOLÓMICO DOS GENOTIPOS DE SOJA EN CONDICIONES DE SEQUÍA.ESTUDIE EL EFECTO DEL NITRATO EN LA FIJACIÓN BIOLÓGICA DEL NITRÓGENO ANALIZANDO LA TRANSCRIPTÓMICA DEL NÓDULO.', 'PROFESORA -  Estado Completo', NULL, NULL, 'DOCTOR EN BIOLOGÍA -  Estado Completo'),
(52, 52, 'CIENCIAS MÉDICAS Y DE LA SALUD - BIOTECNOLOGÍA DE LA SALUD, CIENCIAS NATURALES Y EXACTAS - CIENCIAS BIOLÓGICAS, CIENCIAS NATURALES Y EXACTAS - CIENCIAS BIOLÓGICAS', 'DR B. SOCÍAS. DURANTE SU DOCTORADO SE CAPACITÓ EN EL ÁREA DE MICROBIOLOGÍA Y GENÉTICA ESTUDIANDO GENES BACTERIANOS DE RESISTENCIA A ANTIBIÓTICOS. POSTERIORMENTE REALIZÓ ESTANCIAS POSTDOCTORALES EN EL DEPARTAMENTO DE MICROBIOLOGÍA E INMUNOLOGÍA DE LA UNIVERSIDAD DE BRITISH COLUMBIA (UBC), VANCOUVER, CANADÁ, DONDE ESTUDIÓ EL EFECTO DE COMPUESTOS DE INTERÉS FARMACOLÓGICO DE BAJO PESO MOLECULAR SOBRE EL PERFIL DE EXPRESIÓN GÉNICO DE BACTERIAS IMPORTANTES EN SALUD HUMANA Y EN EL CENTRE DE RECHERCHEDE L´INSTITUT DU CERVEAU ET DE LA MOELLE ÉPINIERE (CRICM), UPMC, SORBONNE UNIVERSITÉ, PARÍS, FRANCIA, LUGAR EN EL CUAL SE ENCUENTRA ACTUALMENTE DESEMPEÑÁNDOSE EN EL ÁREA DE LAS ENFERMEDADES NEURODEGENERATIVAS HUMANAS ESPECIALMENTE PARKINSON Y ALZHEIMER, ADQUIRIENDO EXPERIENCIA EN EL ÁREA DE CULTIVOS CELULARES Y EN MODELOS DE EXPERIMENTACIÓN ANIMAL. AL REGRESAR A ARGENTINA SE REINCORPORARÁ AL GRUPO DIRIGIDO POR LA DRA CHEHÍN.  EXPERIENCIA.  CULTIVO CELULAR - PCR- WESTERN BLOT- NEUROCIENCIAS- BIOTECNOLOGÍA - INGENIERÍA GENÉTICA- BIOLOGÍA - BIOQUÍMICA.', 'LICENCIADO EN BIOTECNOLOGIA -  Estado Completo', NULL, NULL, 'DOCTOR EN BIOQUIMICA -  Estado Completo'),
(53, 53, 'CIENCIAS AGRÍCOLAS - PRODUCCIÓN ANIMAL Y LECHERÍA', 'PERFIL METABÓLICO DE RUMIANTES, SUPLEMENTOS (FORRAJES DE BAJO COSTO), CALIDAD NUTRICIONAL DE RESIDUOS AGROINDUSTRIALES.', 'BIOQUIMICA CLINICA -  Estado Completo', NULL, NULL, 'DOCTOR EN CIENCIAS QUIMICAS -  Estado Completo'),
(54, 54, 'CIENCIAS NATURALES Y EXACTAS - CIENCIAS BIOLÓGICAS', 'MI CAMPO PROFESIONAL ES EL ÁREA DE ECOLOGÍA CON ÉNFASIS EN LA DIVERSIDAD DE PLANTAS VASCULARES Y LAS INTERACIONES MUTUALISTAS (DISPERSIÓN DE SEMILLAS, FACILITACIÓN). POSEO EXPERIENCIA EN EL RECONOCIMIENTO DE LA FLORA REGIONAL DEL NOA (CHACO, MONTE, PREPUNA, YUNGAS), EN METODOLOGÍAS DE MUESTREO DE CAMPO (PLANTAS, AVES), Y EN ENSAYOS  DE LABORATORIO (GERMINACIÓN, BANCO DE SEMILLAS, VIABILIDAD DE SEMILLAS). TENGO PARTICULAR INTERÉS EN LOS ECOSISTEMAS ÁRIDOS Y SEMIÁRIDOS. HE CONDUCIDO ESTUDIOS DE DIETA Y DISPERSIÓN POR ANIMALES ASÍ COMO DE DIVERSIDAD Y ESTRUCTURA EN BOSQUES Y MATORRALES. MIS PROYECTOS ACTUALES SE ENFOCAN EN LA DIVERSIDAD DE PLANTAS VASCULARES, EL NODRICISMO Y EL BANCO DE SEMILLAS EN EL MONTE EN LA RIOJA.', 'LICENCIADO EN CIENCIAS BIOLÓGICAS ORIENTACIÓN BOTÁNICA -  Estado Completo', NULL, NULL, 'DOCTOR EN CIENCIAS BIOLÓGICAS -  Estado Completo'),
(55, 55, 'CIENCIAS NATURALES Y EXACTAS - CIENCIAS BIOLÓGICAS', 'ESTUDIANTE DE LA CARRERA DE MICROBIOLOGIA EN LA UNRC, CON FIN DE REALIZAR MI TESIS DE GRADO EN EL DEPARTAMENTO DE BIOLOGÍA MOLECULAR, EN EL LABORATORIO A CARGO DEÑ DR. CASALE.CONOCIMIENTO SOBRE PROTEÍNAS DE MEMBRANA DE ERITROCITOS Y PLAQUETAS, EXTRACCION DE MEMBRANA Y ESTUDIO DE LOS COMPONENTES SUBCELULARES.', 'MICROBIOLOGA -  Estado Completo', NULL, NULL, NULL),
(56, 56, NULL, NULL, NULL, NULL, NULL, NULL);

-- --------------------------------------------------------

--
-- Estructura de tabla para la tabla `docentes`
--

DROP TABLE IF EXISTS `docentes`;
CREATE TABLE IF NOT EXISTS `docentes` (
  `id` int(10) NOT NULL AUTO_INCREMENT,
  `persona_id` bigint(20) NOT NULL,
  `id_docente_categoria` int(11) DEFAULT NULL,
  `descripcion` blob,
  PRIMARY KEY (`id`),
  KEY `docente_categoria_idx` (`id_docente_categoria`),
  KEY `persona_id` (`persona_id`)
) ENGINE=InnoDB AUTO_INCREMENT=57 DEFAULT CHARSET=utf8 COLLATE=utf8_spanish_ci COMMENT='Datos básicos de los docentes.' ROW_FORMAT=COMPRESSED;

--
-- Volcado de datos para la tabla `docentes`
--

INSERT INTO `docentes` (`id`, `persona_id`, `id_docente_categoria`, `descripcion`) VALUES
(1, 2, 2, NULL),
(2, 3, 3, NULL),
(3, 4, 3, NULL),
(4, 5, 3, NULL),
(5, 6, 4, NULL),
(6, 7, 5, NULL),
(7, 8, 1, NULL),
(8, 9, 5, NULL),
(9, 10, 5, NULL),
(10, 11, 5, NULL),
(11, 12, 5, NULL),
(12, 13, 3, NULL),
(13, 14, 3, NULL),
(14, 15, 3, NULL),
(15, 16, 4, NULL),
(16, 17, 4, NULL),
(17, 18, 1, NULL),
(19, 20, 4, NULL),
(20, 21, 1, NULL),
(22, 23, 4, NULL),
(23, 24, 4, NULL),
(24, 25, 4, NULL),
(25, 26, 2, NULL),
(26, 27, 3, NULL),
(27, 28, 4, NULL),
(28, 29, 3, NULL),
(29, 30, 3, NULL),
(30, 31, 4, NULL),
(31, 32, 3, NULL),
(32, 33, 5, NULL),
(33, 34, 1, NULL),
(34, 35, 5, NULL),
(35, 36, 4, NULL),
(36, 37, 4, NULL),
(37, 38, 4, NULL),
(38, 39, 4, NULL),
(39, 40, 1, NULL),
(40, 41, 4, NULL),
(41, 42, 3, NULL),
(42, 43, 4, NULL),
(43, 44, 1, NULL),
(44, 45, 1, NULL),
(45, 46, 1, NULL),
(47, 48, 2, NULL),
(48, 49, 5, NULL),
(49, 50, 1, NULL),
(50, 51, 3, NULL),
(51, 52, 1, NULL),
(52, 53, 4, NULL),
(53, 54, 1, NULL),
(54, 55, 2, NULL),
(55, 56, 5, NULL),
(56, 57, 5, NULL);

-- --------------------------------------------------------

--
-- Estructura de tabla para la tabla `docente_categoria`
--

DROP TABLE IF EXISTS `docente_categoria`;
CREATE TABLE IF NOT EXISTS `docente_categoria` (
  `id` int(11) NOT NULL AUTO_INCREMENT,
  `nombre` varchar(30) CHARACTER SET utf8 DEFAULT NULL,
  PRIMARY KEY (`id`)
) ENGINE=InnoDB AUTO_INCREMENT=7 DEFAULT CHARSET=utf8 COLLATE=utf8_spanish_ci COMMENT='Tipos de categorías que puede tener un docente.' ROW_FORMAT=COMPRESSED;

--
-- Volcado de datos para la tabla `docente_categoria`
--

INSERT INTO `docente_categoria` (`id`, `nombre`) VALUES
(1, 'Profesor Titular'),
(2, 'Profesor Asociado'),
(3, 'Profesor Adjunto'),
(4, 'Jefe de Trabajos Prácticos'),
(5, 'Ayudante de Primera'),
(6, 'Profesor Adjunto Ad Honorem');

-- --------------------------------------------------------

--
-- Estructura de tabla para la tabla `escuela`
--

DROP TABLE IF EXISTS `escuela`;
CREATE TABLE IF NOT EXISTS `escuela` (
  `id` int(11) NOT NULL AUTO_INCREMENT,
  `nombre` varchar(60) CHARACTER SET latin1 NOT NULL,
  `universidad` varchar(60) CHARACTER SET latin1 NOT NULL,
  `director` varchar(80) CHARACTER SET latin1 NOT NULL,
  `color` char(7) CHARACTER SET latin1 NOT NULL,
  PRIMARY KEY (`id`)
) ENGINE=InnoDB AUTO_INCREMENT=2 DEFAULT CHARSET=utf8 COLLATE=utf8_spanish_ci COMMENT='Datos básicos de la escuela.';

--
-- Volcado de datos para la tabla `escuela`
--

INSERT INTO `escuela` (`id`, `nombre`, `universidad`, `director`, `color`) VALUES
(1, 'Dirección de Escuela de Ciencias Biológicas', 'UNdeC', 'Ing. ', '#155633');

-- --------------------------------------------------------

--
-- Estructura de tabla para la tabla `groups`
--

DROP TABLE IF EXISTS `groups`;
CREATE TABLE IF NOT EXISTS `groups` (
  `id` mediumint(8) UNSIGNED NOT NULL AUTO_INCREMENT,
  `name` varchar(20) CHARACTER SET utf8 NOT NULL,
  `description` varchar(100) CHARACTER SET utf8 NOT NULL,
  PRIMARY KEY (`id`)
) ENGINE=InnoDB AUTO_INCREMENT=3 DEFAULT CHARSET=utf8 COLLATE=utf8_spanish_ci COMMENT='Grupos de los cuales pueden formar parte los usuarios.';

--
-- Volcado de datos para la tabla `groups`
--

INSERT INTO `groups` (`id`, `name`, `description`) VALUES
(1, 'admin', 'Administrator'),
(2, 'members', 'General User');

-- --------------------------------------------------------

--
-- Estructura de tabla para la tabla `login_attempts`
--

DROP TABLE IF EXISTS `login_attempts`;
CREATE TABLE IF NOT EXISTS `login_attempts` (
  `id` int(11) UNSIGNED NOT NULL AUTO_INCREMENT,
  `ip_address` varchar(45) CHARACTER SET utf8 NOT NULL,
  `login` varchar(100) CHARACTER SET utf8 NOT NULL,
  `time` int(11) UNSIGNED DEFAULT NULL,
  PRIMARY KEY (`id`)
) ENGINE=InnoDB AUTO_INCREMENT=4 DEFAULT CHARSET=utf8 COLLATE=utf8_spanish_ci;

-- --------------------------------------------------------

--
-- Estructura de tabla para la tabla `materias`
--

DROP TABLE IF EXISTS `materias`;
CREATE TABLE IF NOT EXISTS `materias` (
  `id` int(11) NOT NULL AUTO_INCREMENT,
  `nombre` varchar(100) CHARACTER SET utf8 DEFAULT NULL,
  `id_tipo` int(11) NOT NULL,
  PRIMARY KEY (`id`),
  KEY `tipo_id` (`id_tipo`)
) ENGINE=InnoDB AUTO_INCREMENT=60 DEFAULT CHARSET=utf8 COLLATE=utf8_spanish_ci COMMENT='Datos básicos de cada materia.' ROW_FORMAT=COMPRESSED;

--
-- Volcado de datos para la tabla `materias`
--

INSERT INTO `materias` (`id`, `nombre`, `id_tipo`) VALUES
(1, 'Introducción a la biología', 1),
(2, 'Física I', 1),
(3, 'Matemática I ', 1),
(4, 'Química General e Inorgánica', 1),
(5, 'Matemática II', 1),
(6, 'Introducción a las Ciencias de la Tierra', 1),
(7, 'Física II', 1),
(8, 'Química Orgánica', 1),
(9, 'Bioestadística', 1),
(10, 'Ecología ', 1),
(11, 'Geografía física', 1),
(12, 'Biología de los microorganismos', 1),
(13, 'Química biológica', 1),
(14, 'Biogeografía', 1),
(15, 'Epistemología y Bioética', 1),
(16, 'Genética', 1),
(17, 'Histología ', 1),
(18, 'Histología', 1),
(19, 'Biología celular y molecular', 1),
(20, 'Ecología aplicada', 1),
(21, 'Diversidad vegetal I', 1),
(22, 'Diversidad animal I', 1),
(23, 'Evolución', 1),
(24, 'Biotecnología', 1),
(25, 'Diversidad animal II', 1),
(26, 'Diversidad vegetal II', 1),
(27, 'Fisiología vegetal comparada', 1),
(28, 'Diseño experimental', 1),
(29, 'Materia de Orientación Obligatoria I', 2),
(30, 'Materia de Orientación Obligatoria II', 2),
(31, 'Materia de Orientación Obligatoria III', 2),
(32, 'Fisiología animal comparada', 1),
(33, 'Ecología microbiana', 1),
(34, 'Materia de Orientación Optativa I', 2),
(35, 'Materia de Orientación Optativa II', 2),
(36, 'Materia de Orientación Optativa III', 2),
(37, 'Trabajo Final', 1),
(38, 'Desarrollo sostenible ', 3),
(39, 'Agrobiotecnología', 3),
(40, 'Restauración de Sistemas Naturales', 3),
(41, 'Genética Molecular de Plantas', 3),
(42, 'Biología de la Conservación', 3),
(43, 'Estructura de las Macromoléculas', 3),
(44, 'Ecología y taxonomía de hongos ', 3),
(45, 'Ordenamiento Territorial', 3),
(46, 'Métodos y Análisis de la Vegetación', 3),
(47, 'Fisiología de Insectos orientada a su control', 3),
(48, 'Evolución ambiental de la provincia de La Rioja', 3),
(49, 'Ornitofauna de ambientes áridos ', 3),
(50, 'Derecho Ambiental ', 3),
(51, 'Gestión Ambiental ', 3),
(52, 'Ecología y taxonomía de hongos', 3),
(53, 'Biotecnología Microbiana ', 3),
(54, 'Oncología e Inmunología', 3),
(55, 'Bases celulares de Patología e Inmunología', 3),
(56, 'Fisiología de Insectos orientada a su control', 3),
(57, 'Sistema de Información Geográfica', 3),
(58, 'Manejo de planilla de cálculo y base de datos', 3),
(59, 'Manejo de planilla de cálculo y base de datos', 3);

-- --------------------------------------------------------

--
-- Estructura de tabla para la tabla `materias_tipo`
--

DROP TABLE IF EXISTS `materias_tipo`;
CREATE TABLE IF NOT EXISTS `materias_tipo` (
  `id` int(11) NOT NULL AUTO_INCREMENT,
  `nombre` varchar(80) CHARACTER SET latin1 NOT NULL,
  PRIMARY KEY (`id`)
) ENGINE=InnoDB AUTO_INCREMENT=4 DEFAULT CHARSET=utf8 COLLATE=utf8_spanish_ci COMMENT='Tipos de materias que se pueden tenerse en los planes de estudio.';

--
-- Volcado de datos para la tabla `materias_tipo`
--

INSERT INTO `materias_tipo` (`id`, `nombre`) VALUES
(1, 'Común'),
(2, 'Genérica'),
(3, 'Optativa');

-- --------------------------------------------------------

--
-- Estructura de tabla para la tabla `materia_docente`
--

DROP TABLE IF EXISTS `materia_docente`;
CREATE TABLE IF NOT EXISTS `materia_docente` (
  `id` int(11) NOT NULL AUTO_INCREMENT,
  `id_ciclo_materia` int(11) NOT NULL,
  `id_docente` int(11) NOT NULL,
  PRIMARY KEY (`id`),
  KEY `id_ciclo` (`id_ciclo_materia`,`id_docente`),
  KEY `cm_materia_docente` (`id_docente`)
) ENGINE=InnoDB AUTO_INCREMENT=216 DEFAULT CHARSET=utf8 COLLATE=utf8_spanish_ci COMMENT='Tabla de unión para definir la relación entre un docente y una materia.';

--
-- Volcado de datos para la tabla `materia_docente`
--

INSERT INTO `materia_docente` (`id`, `id_ciclo_materia`, `id_docente`) VALUES
(108, 1, 19),
(109, 1, 35),
(110, 1, 47),
(111, 1, 56),
(112, 2, 15),
(113, 2, 17),
(114, 2, 50),
(115, 3, 27),
(116, 3, 45),
(117, 4, 2),
(118, 4, 10),
(119, 4, 44),
(120, 4, 55),
(121, 5, 27),
(122, 5, 45),
(123, 6, 29),
(124, 6, 32),
(125, 7, 15),
(126, 7, 17),
(127, 7, 50),
(128, 8, 10),
(129, 8, 12),
(130, 9, 3),
(131, 9, 23),
(132, 10, 30),
(133, 10, 33),
(134, 10, 34),
(135, 11, 29),
(136, 11, 32),
(137, 12, 14),
(138, 12, 16),
(139, 13, 2),
(140, 13, 12),
(141, 14, 22),
(142, 14, 31),
(143, 15, 4),
(144, 15, 13),
(145, 16, 36),
(146, 16, 40),
(147, 18, 1),
(148, 18, 5),
(149, 18, 8),
(150, 19, 47),
(151, 19, 52),
(152, 20, 7),
(153, 20, 41),
(154, 20, 42),
(155, 21, 28),
(156, 21, 30),
(157, 21, 54),
(158, 22, 20),
(159, 22, 24),
(160, 23, 25),
(161, 24, 43),
(162, 24, 48),
(163, 25, 31),
(164, 25, 38),
(165, 25, 49),
(166, 26, 6),
(167, 26, 28),
(168, 26, 54),
(169, 27, 11),
(170, 27, 51),
(171, 28, 3),
(172, 28, 23),
(190, 32, 5),
(191, 32, 34),
(189, 32, 53),
(192, 33, 9),
(193, 33, 39),
(173, 38, 26),
(174, 39, 43),
(175, 39, 48),
(176, 40, 33),
(177, 41, 36),
(178, 41, 40),
(179, 41, 52),
(180, 42, 38),
(181, 42, 42),
(182, 42, 49),
(183, 43, 36),
(184, 43, 40),
(185, 43, 52),
(194, 44, 11),
(195, 44, 14),
(198, 45, 42),
(199, 46, 54),
(200, 47, 47),
(201, 48, 25),
(202, 48, 32),
(203, 48, 35),
(204, 48, 37),
(205, 49, 35),
(206, 49, 38),
(207, 50, 26),
(208, 51, 41),
(197, 52, 11),
(196, 52, 14),
(209, 53, 36),
(210, 53, 52),
(213, 54, 36),
(211, 54, 40),
(212, 54, 52),
(214, 55, 1),
(215, 56, 47);

-- --------------------------------------------------------

--
-- Estructura de tabla para la tabla `optativas`
--

DROP TABLE IF EXISTS `optativas`;
CREATE TABLE IF NOT EXISTS `optativas` (
  `id` int(11) NOT NULL AUTO_INCREMENT,
  `id_origen` int(11) NOT NULL,
  `id_optativa` int(11) NOT NULL,
  PRIMARY KEY (`id`),
  KEY `id_origen` (`id_origen`),
  KEY `id_origen_2` (`id_origen`),
  KEY `optativa_cm` (`id_optativa`)
) ENGINE=InnoDB AUTO_INCREMENT=57 DEFAULT CHARSET=utf8 COLLATE=utf8_spanish_ci COMMENT='Tabla de unión para definir la relación entre una materia genérica y sus optativas..';

--
-- Volcado de datos para la tabla `optativas`
--

INSERT INTO `optativas` (`id`, `id_origen`, `id_optativa`) VALUES
(1, 29, 38),
(2, 29, 39),
(3, 30, 40),
(4, 30, 41),
(5, 31, 42),
(6, 31, 43),
(7, 34, 44),
(8, 34, 45),
(9, 34, 46),
(10, 34, 47),
(11, 34, 48),
(12, 34, 49),
(13, 34, 50),
(14, 34, 51),
(15, 34, 57),
(16, 34, 58),
(17, 34, 52),
(18, 34, 54),
(19, 34, 55),
(20, 34, 56),
(21, 34, 59),
(22, 34, 53),
(23, 35, 44),
(24, 35, 45),
(25, 35, 46),
(26, 35, 47),
(27, 35, 48),
(28, 35, 49),
(29, 35, 50),
(30, 35, 51),
(31, 35, 57),
(32, 35, 58),
(34, 35, 53),
(35, 35, 54),
(36, 35, 55),
(38, 35, 59),
(39, 35, 52),
(40, 35, 56),
(41, 36, 44),
(42, 36, 45),
(43, 36, 46),
(44, 36, 47),
(45, 36, 48),
(46, 36, 49),
(47, 36, 50),
(48, 36, 51),
(49, 36, 57),
(50, 36, 58),
(51, 36, 52),
(52, 36, 53),
(53, 36, 55),
(54, 36, 56),
(55, 36, 59),
(56, 36, 54);

-- --------------------------------------------------------

--
-- Estructura de tabla para la tabla `orientaciones`
--

DROP TABLE IF EXISTS `orientaciones`;
CREATE TABLE IF NOT EXISTS `orientaciones` (
  `id` int(11) NOT NULL AUTO_INCREMENT,
  `id_plan` int(11) NOT NULL,
  `nombre` varchar(80) CHARACTER SET latin1 NOT NULL,
  PRIMARY KEY (`id`),
  KEY `id_plan` (`id_plan`)
) ENGINE=InnoDB AUTO_INCREMENT=3 DEFAULT CHARSET=utf8 COLLATE=utf8_spanish_ci COMMENT='Datos básicos de las orientaciones que puede tener un plan de estudio.';

--
-- Volcado de datos para la tabla `orientaciones`
--

INSERT INTO `orientaciones` (`id`, `id_plan`, `nombre`) VALUES
(1, 1, 'Ecología y Ambiente'),
(2, 1, 'Biotecnología');

-- --------------------------------------------------------

--
-- Estructura de tabla para la tabla `persona`
--

DROP TABLE IF EXISTS `persona`;
CREATE TABLE IF NOT EXISTS `persona` (
  `id` bigint(20) NOT NULL AUTO_INCREMENT,
  `apellido` varchar(50) CHARACTER SET latin1 NOT NULL,
  `nombre` varchar(50) CHARACTER SET latin1 NOT NULL,
  `nombre_2` varchar(50) CHARACTER SET latin1 DEFAULT NULL,
  `dni` varchar(50) CHARACTER SET latin1 DEFAULT NULL,
  `cuit` varchar(50) CHARACTER SET latin1 DEFAULT NULL,
  `email1` varchar(50) CHARACTER SET latin1 DEFAULT NULL,
  `email2` varchar(50) CHARACTER SET latin1 DEFAULT NULL,
  PRIMARY KEY (`id`)
) ENGINE=InnoDB AUTO_INCREMENT=58 DEFAULT CHARSET=utf8 COLLATE=utf8_spanish_ci COMMENT='Datos básicos de las personas.';

--
-- Volcado de datos para la tabla `persona`
--

INSERT INTO `persona` (`id`, `apellido`, `nombre`, `nombre_2`, `dni`, `cuit`, `email1`, `email2`) VALUES
(1, 'Arevalo', 'Sergio', 'Martin', '30653165', NULL, 'sarevalo@undec.edu.ar', NULL),
(2, 'AJMAT', 'MARÍA', 'TERESA', NULL, '27-13278380-8', 'majmat@undec.edu.ar', 'mtajmat@hotmail.com'),
(3, 'ALMIRON', 'ROMINA', 'SOLEDAD', NULL, '27-27012254-5', 'ralmiron@undec.edu.ar', 'romina_almiron@yahoo.com.ar'),
(4, 'ARANA', 'GERMINAL', NULL, NULL, '20-13176476-7', 'garana@undec.edu.ar', 'garana@hotmail.com'),
(5, 'ARAYA', 'SUSANA', 'BEATRIZ', NULL, '27-14130653-2', 'saraya@undec.edu.ar', 'subeara_653@hotmail.com.ar'),
(6, 'ARIAS TORRES', 'ANA', 'JOSEFINA', NULL, '23-29618378-4', 'aarias@undec.edu.ar', 'anajoarias@hotmail.com'),
(7, 'CRABBE', 'FRANCO', 'DANIEL NICOLAS', NULL, NULL, NULL, NULL),
(8, 'BARBARO', 'NÉSTOR', 'OMAR', NULL, '20-04445751-3', 'nbarbaro@undec.edu.ar', 'nestoromarbarbaro@gmail.com'),
(9, 'BARRERA ILLANES', 'ALBERTO', 'NICOLAS', NULL, '20-33289750-1', 'alberto_n_barrera@hotmail.com', NULL),
(10, 'BATALLAN', 'PEDRO', 'GONZALO', NULL, '20-26179136-7', 'gbatallan@undec.edu.ar', 'gonzalobatallan@gmail.com'),
(11, 'BELLIA', 'MARIANA', 'ELIZABETH', NULL, '23-33376089-4', 'mbellia@undec.edu.ar', 'maribellia@hotmail.com'),
(12, 'BONETTO', 'MARIANA', NULL, NULL, '27-31778582-3', 'mbonetto@undec.edu.ar', 'marub18_9@hotmail.com'),
(13, 'BORTNYK', 'PATRICIA', 'NOEMI', NULL, '27-14935977-5', 'pbortnyk@undec.edu.ar', 'patriciabortnyk@hotmail.com'),
(14, 'BUTEL PANTAZZIS', 'IRIS', 'ESTELA', NULL, '27-17140381-8', 'ebutel@undec.edu.ar', 'estelabutelpantazzis@hotmail.com'),
(15, 'CANTON', 'NORMA', 'VIRGINIA', NULL, '27-16314651-2', 'ncanton@undec.edu.ar', 'ngadea.canton@gmail.com'),
(16, 'CENA', 'DIEGO', 'MARTÍN', NULL, '20-25299825-0', 'dcena@undec.edu.ar', NULL),
(17, 'CEREZO', 'ANTONIA', 'DEL VALLE', NULL, '27-17957035-7', 'acerezo@undec.edu.ar', NULL),
(18, 'CHADE VERGARA', 'PABLO', 'OSCAR', NULL, '20-16433456-3', 'pchade@undec.edu.ar', 'pablochade@hotmail.com'),
(19, 'CORDOBA MURUAGA', 'SILVINA', 'MARIA TERESA', NULL, '27-22073368-3', 'silvina0329@hotmail.com', NULL),
(20, 'CORZO', 'FERNANDO', 'LIVIO', NULL, '20-28766588-2', 'fcorzo@undec.edu.ar', 'liviocorzo@hotmail.com'),
(21, 'DANTUR JURI', 'MARIA', 'JULIA', NULL, '27-24671276-5', 'jdantur@undec.edu.ar', 'juliadantur@yahoo.com.ar'),
(22, 'DHIRIART', 'SOFÍA', NULL, NULL, '27-30442218-7', 'sofiadiriart@gmail.com', NULL),
(23, 'ELIAS', 'GABRIELA', 'DEL VALLE', NULL, '27-24409581-5', 'gelias@undec.edu.ar', 'juturna_n@yahoo.com.ar'),
(24, 'ESPINOS', 'DIEGO', 'ADRIANO', NULL, '20-24594732-2', 'despinos@undec.edu.ar', NULL),
(25, 'ESPINOSA', 'MARTIN', 'SEBASTIAN', NULL, '20-27458592-8', 'mespinosa@undec.edu.ar', 'mespinosa_@hotmail.com'),
(26, 'GALLARDO', 'GABRIELA', 'ALEJANDRA', NULL, '27-22073161-3', 'ggallardo@undec.edu.ar', 'gabrielagall@gmail.com'),
(27, 'GIMELFARB', 'LEONOR', 'SELENA', NULL, '27-19010171-7', 'lgimelfarb@undec.edu.ar', 'lgimelfarb@yahoo.com'),
(28, 'GOMEZ', 'ALBERTO', 'FABIÁN', NULL, '23-22976093-9', 'agomez@undec.edu.ar', 'albertogomez@hotmail.com'),
(29, 'JAIME', 'GLORIA', 'SUSANA', NULL, '27-12121759-2', 'gjaime@undec.edu.ar', 'gsjaime@fbqf.unt.edu.ar'),
(30, 'JAULAR', 'MIGUEL', 'ALBERTO', NULL, '20-14752464-2', 'mjaular@undec.edu.ar', 'migueljaular@hotmail.com'),
(31, 'JAUSORO', 'MARIANA', NULL, NULL, '23-23881690-4', 'mjausoro@undec.edu.ar', 'marjausoro@hotmail.com'),
(32, 'JAYAT', 'JORGE', 'PABLO', NULL, '20-21321263-0', 'pjayat@undec.edu.ar', 'eljayat@gmail.com'),
(33, 'JUÁREZ', 'OSCAR', 'EDUARDO', NULL, '20-30816859-0', 'ojuarez@undec.edu.ar', 'oscarjuarez705@gmail.com '),
(34, 'JURI', 'MARIA', 'DOLORES', NULL, '27-22375907-1', 'djuri@undec.edu.ar', 'mdjuri@gmail.com'),
(35, 'KASS', 'CAMILA', 'ALEJANDRA', NULL, '27-32008406-2', 'ckass@undec.edu.ar', 'camilakass@gmail.com'),
(36, 'LOBO ALLENDE', 'ISABEL', 'REBECA', NULL, '27-24842496-1', 'rlobo@undec.edu.ar', 'loboallendeir@yahoo.com.ar'),
(37, 'LOPEZ', 'FABIAN', 'ENRIQUE', NULL, '23-23581314-9', 'fablop30@hotmail.com', NULL),
(38, 'LUNA TOLEDO', 'EMANUEL', NULL, NULL, '20-31226680-7', 'emanuellunatoledo@yahoo.com.ar', NULL),
(39, 'MARANO', 'CLAUDIA', 'FABIANA', NULL, '27-25213439-0', 'cmarano@undec.edu.ar', 'claumarano@hotmail.com'),
(40, 'MEDVESCIGH', 'JULIO', 'CESAR', NULL, '20-06079104-0', 'jmedvescigh@undec.edu.ar', NULL),
(41, 'MENDEZ', 'CARLOS', 'MARIA DAMIAN', NULL, '20-24504041-6', 'dmendez@undec.edu.ar', 'dezdam@hotmail.com'),
(42, 'MONTERO HAGEN', 'LAURA', 'NATALIA', NULL, '27-18795216-1', 'lmontero@undec.edu.ar', 'lauranmh@yahoo.com.ar'),
(43, 'MONTILLA', 'PABLO', 'JAVIER', NULL, '23-29153699-9', 'pmontilla@undec.edu.ar', 'pablojmontilla@gmail.com'),
(44, 'MORICONI', 'DANIEL', 'NILO', NULL, '20-13153049-9', 'dmoriconi@undec.edu.ar', 'd_moriconi@hotmail.com'),
(45, 'NIETO', 'JORGE', 'DANIEL', NULL, '20-13793935-6', 'jnieto@undec.edu.ar', 'jnieto@fcq.unc.edu.ar'),
(46, 'OGAS', 'EDGARDO', 'ROGELIO', NULL, '20-13396634-0', 'eogas@undec.edu.ar', 'ogasedgardo@hotmail.com'),
(47, 'ORTIZ', 'MANUEL', 'HORACIO', NULL, '20-32163143-7', 'mhortiz@undec.edu.ar', NULL),
(48, 'POPICH', 'SUSANA', 'BEATRIZ', NULL, '27-11769741-5', 'spopich@undec.edu.ar', 'psusanabeatriz@gmail.com'),
(49, 'RATTALINO', 'DONNA', 'LUCÍA', NULL, '27-33256771-9', 'drattalino@undec.edu.ar', 'donna_rattalino@yahoo.com.ar'),
(50, 'RIVERA', 'PAULA', 'CECILIA', NULL, '27-25267032-2', 'privera@undec.edu.ar', 'paularivera1@gmail.com'),
(51, 'SIGAMPA PAEZ', 'ELVIO', 'ESTEBAN', NULL, '20-20901192-2', 'esigampa@undec.edu.ar', 'esigampapaez@yahoo.com.ar'),
(52, 'SILVENTE KELLER', 'SONIA', 'TERESA', NULL, '27-11972201-8', 'ssilvente@undec.edu.ar', 'soniasike17@gmail.com'),
(53, 'SOCIAS', 'SERGIO', 'BENJAMÍN', NULL, '20-28531521-3', 'ssocias@undec.edu.ar', 'sbsocias@yahoo.com.ar'),
(54, 'VARAS', 'MARIANA', 'MARCELA', NULL, '27-24877529-2', 'mvaras@undec.edu.ar', 'guasayan@yahoo.com.ar'),
(55, 'VARELA', 'RODOLFO', 'OMAR DEL VALLE', NULL, '20-17548275-0', 'ovarela@undec.edu.ar', 'omarvarela1@gmail.com'),
(56, 'ZANOTTO', 'SORAYA', 'CINTIA', NULL, '27-33800892-4', 'szanotto@undec.edu.ar', NULL),
(57, 'GAUDIOSO', 'PABLO', 'JAVIER', NULL, NULL, NULL, NULL);

-- --------------------------------------------------------

--
-- Estructura de tabla para la tabla `planes`
--

DROP TABLE IF EXISTS `planes`;
CREATE TABLE IF NOT EXISTS `planes` (
  `id` int(11) NOT NULL AUTO_INCREMENT,
  `id_carrera` int(11) NOT NULL,
  `nombre` varchar(80) CHARACTER SET latin1 NOT NULL,
  `duracion` int(11) NOT NULL,
  `vigente` tinyint(1) NOT NULL DEFAULT '0',
  PRIMARY KEY (`id`),
  KEY `id_carrera` (`id_carrera`)
) ENGINE=InnoDB AUTO_INCREMENT=2 DEFAULT CHARSET=utf8 COLLATE=utf8_spanish_ci COMMENT='Datos básicos de cada plan de estudio.';

--
-- Volcado de datos para la tabla `planes`
--

INSERT INTO `planes` (`id`, `id_carrera`, `nombre`, `duracion`, `vigente`) VALUES
(1, 1, '2007', 5, 1);

-- --------------------------------------------------------

--
-- Estructura de tabla para la tabla `publicaciones`
--

DROP TABLE IF EXISTS `publicaciones`;
CREATE TABLE IF NOT EXISTS `publicaciones` (
  `id` bigint(20) NOT NULL AUTO_INCREMENT,
  `titulo` varchar(100) CHARACTER SET latin1 NOT NULL,
  `contenido` blob,
  `creador_id` int(10) UNSIGNED DEFAULT NULL,
  `fecha_creacion` date DEFAULT NULL,
  `ultima_modificacion` date DEFAULT NULL,
  `modificador_id` int(10) UNSIGNED DEFAULT NULL,
  `esta_publicado` tinyint(1) NOT NULL,
  `fecha` date NOT NULL,
  `lugar` varchar(100) CHARACTER SET latin1 DEFAULT 'UNdeC',
  `comienzo` time DEFAULT '09:00:00',
  `fin` time DEFAULT '15:00:00',
  `tipo` int(4) NOT NULL DEFAULT '1',
  `imagen` varchar(100) CHARACTER SET latin1 DEFAULT NULL,
  PRIMARY KEY (`id`),
  KEY `FK_publicaciones_creador_id` (`creador_id`),
  KEY `FK_publicaciones_modificador_id` (`modificador_id`),
  KEY `FK_publicaciones_tipo_publicacion` (`tipo`)
) ENGINE=InnoDB DEFAULT CHARSET=utf8 CHECKSUM=1 COLLATE=utf8_spanish_ci COMMENT='Datos básicos de las publicaciones.' DELAY_KEY_WRITE=1 ROW_FORMAT=DYNAMIC;

-- --------------------------------------------------------

--
-- Estructura de tabla para la tabla `regimen`
--

DROP TABLE IF EXISTS `regimen`;
CREATE TABLE IF NOT EXISTS `regimen` (
  `id` int(11) NOT NULL AUTO_INCREMENT,
  `nombre` varchar(30) CHARACTER SET latin1 NOT NULL,
  PRIMARY KEY (`id`)
) ENGINE=InnoDB AUTO_INCREMENT=4 DEFAULT CHARSET=utf8 COLLATE=utf8_spanish_ci COMMENT='Tipos de regimenes que puede tener una materia.';

--
-- Volcado de datos para la tabla `regimen`
--

INSERT INTO `regimen` (`id`, `nombre`) VALUES
(1, 'Anual'),
(2, 'Cuatrimestre 1'),
(3, 'Cuatrimestre 2');

-- --------------------------------------------------------

--
-- Estructura de tabla para la tabla `tipo_publicacion`
--

DROP TABLE IF EXISTS `tipo_publicacion`;
CREATE TABLE IF NOT EXISTS `tipo_publicacion` (
  `id` int(11) NOT NULL AUTO_INCREMENT,
  `nombre` varchar(100) CHARACTER SET latin1 NOT NULL,
  PRIMARY KEY (`id`)
) ENGINE=InnoDB AUTO_INCREMENT=3 DEFAULT CHARSET=utf8 COLLATE=utf8_spanish_ci COMMENT='Tipos de publicaciones.';

--
-- Volcado de datos para la tabla `tipo_publicacion`
--

INSERT INTO `tipo_publicacion` (`id`, `nombre`) VALUES
(1, 'Eventos'),
(2, 'Artículos');

-- --------------------------------------------------------

--
-- Estructura de tabla para la tabla `titulos`
--

DROP TABLE IF EXISTS `titulos`;
CREATE TABLE IF NOT EXISTS `titulos` (
  `id` int(11) NOT NULL AUTO_INCREMENT,
  `id_plan` int(11) NOT NULL,
  `nombre` varchar(100) CHARACTER SET latin1 NOT NULL,
  `id_orientacion` int(11) DEFAULT NULL,
  PRIMARY KEY (`id`),
  KEY `id_plan` (`id_plan`),
  KEY `id_orientacion` (`id_orientacion`)
) ENGINE=InnoDB AUTO_INCREMENT=2 DEFAULT CHARSET=utf8 COLLATE=utf8_spanish_ci COMMENT='Datos básicos de titulos que puede tener un plan de estudio.';

--
-- Volcado de datos para la tabla `titulos`
--

INSERT INTO `titulos` (`id`, `id_plan`, `nombre`, `id_orientacion`) VALUES
(1, 1, 'Licenciado en Ciencias Biológicas', NULL);

-- --------------------------------------------------------

--
-- Estructura de tabla para la tabla `users`
--

DROP TABLE IF EXISTS `users`;
CREATE TABLE IF NOT EXISTS `users` (
  `id` int(11) UNSIGNED NOT NULL AUTO_INCREMENT,
  `ip_address` varchar(45) CHARACTER SET utf8 NOT NULL,
  `username` varchar(100) CHARACTER SET utf8 DEFAULT NULL,
  `password` varchar(255) CHARACTER SET utf8 NOT NULL,
  `salt` varchar(255) CHARACTER SET utf8 DEFAULT NULL,
  `email` varchar(254) CHARACTER SET utf8 NOT NULL,
  `activation_code` varchar(40) CHARACTER SET utf8 DEFAULT NULL,
  `forgotten_password_code` varchar(40) CHARACTER SET utf8 DEFAULT NULL,
  `forgotten_password_time` int(11) UNSIGNED DEFAULT NULL,
  `remember_code` varchar(40) CHARACTER SET utf8 DEFAULT NULL,
  `created_on` int(11) UNSIGNED NOT NULL,
  `last_login` int(11) UNSIGNED DEFAULT NULL,
  `active` tinyint(1) UNSIGNED DEFAULT NULL,
  `first_name` varchar(50) CHARACTER SET utf8 DEFAULT NULL,
  `last_name` varchar(50) CHARACTER SET utf8 DEFAULT NULL,
  `company` varchar(100) CHARACTER SET utf8 DEFAULT NULL,
  `phone` varchar(20) CHARACTER SET utf8 DEFAULT NULL,
  PRIMARY KEY (`id`)
) ENGINE=InnoDB AUTO_INCREMENT=3 DEFAULT CHARSET=utf8 COLLATE=utf8_spanish_ci COMMENT='Datos básicos de cada usuario.';

--
-- Volcado de datos para la tabla `users`
--

INSERT INTO `users` (`id`, `ip_address`, `username`, `password`, `salt`, `email`, `activation_code`, `forgotten_password_code`, `forgotten_password_time`, `remember_code`, `created_on`, `last_login`, `active`, `first_name`, `last_name`, `company`, `phone`) VALUES
(1, '127.0.0.1', 'admin', '$2y$08$bV8iRMZvzY4E1dVidjIaluUqFNz4d33hFAWuAg45KaOYMP6nASIX6', '', 'admin@admin.com', NULL, NULL, NULL, NULL, 1268889823, 1590191281, 1, 'Sergio', 'Arevalo', 'ADMIN', '0'),
(2, '127.0.0.1', 'user', '$2y$08$4t0JshOQrSJwbqJbTLRineDCBESSAwNTkL4kRz9KzAq0RoyPXHF0i', NULL, 'user@user.com', NULL, 'dbh2E39uTZ5Ud9Tb.wO9ee37b9e7bb6f9ed71b6b', 1522911545, NULL, 1521634623, 1560525321, 1, 'user', 'user', 'UNdeC', '');

-- --------------------------------------------------------

--
-- Estructura de tabla para la tabla `users_groups`
--

DROP TABLE IF EXISTS `users_groups`;
CREATE TABLE IF NOT EXISTS `users_groups` (
  `id` int(11) UNSIGNED NOT NULL AUTO_INCREMENT,
  `user_id` int(11) UNSIGNED NOT NULL,
  `group_id` mediumint(8) UNSIGNED NOT NULL,
  PRIMARY KEY (`id`),
  UNIQUE KEY `uc_users_groups` (`user_id`,`group_id`),
  KEY `fk_users_groups_users1_idx` (`user_id`),
  KEY `fk_users_groups_groups1_idx` (`group_id`)
) ENGINE=InnoDB AUTO_INCREMENT=4 DEFAULT CHARSET=utf8 COLLATE=utf8_spanish_ci COMMENT='Tabla de unión para definir a que grupo pertenece cada usuario.';

--
-- Volcado de datos para la tabla `users_groups`
--

INSERT INTO `users_groups` (`id`, `user_id`, `group_id`) VALUES
(1, 1, 1),
(2, 1, 2),
(3, 2, 2);

--
-- Restricciones para tablas volcadas
--

--
-- Filtros para la tabla `ciclos`
--
ALTER TABLE `ciclos`
  ADD CONSTRAINT `FK_ciclo_orientacion` FOREIGN KEY (`id_orientacion`) REFERENCES `orientaciones` (`id`),
  ADD CONSTRAINT `FK_ciclo_plan` FOREIGN KEY (`id_plan`) REFERENCES `planes` (`id`) ON DELETE CASCADE;

--
-- Filtros para la tabla `ciclo_materia`
--
ALTER TABLE `ciclo_materia`
  ADD CONSTRAINT `FK_cm_ciclo` FOREIGN KEY (`id_ciclo`) REFERENCES `ciclos` (`id`) ON DELETE NO ACTION,
  ADD CONSTRAINT `FK_cm_materia` FOREIGN KEY (`id_materia`) REFERENCES `materias` (`id`) ON DELETE NO ACTION,
  ADD CONSTRAINT `FK_cm_regimen` FOREIGN KEY (`id_regimen`) REFERENCES `regimen` (`id`) ON DELETE NO ACTION;

--
-- Filtros para la tabla `correlativas`
--
ALTER TABLE `correlativas`
  ADD CONSTRAINT `FK_correlativa_cm` FOREIGN KEY (`id_ciclo_materia`) REFERENCES `ciclo_materia` (`id`) ON DELETE CASCADE,
  ADD CONSTRAINT `FK_correlativa_correlativa` FOREIGN KEY (`id_correlativa`) REFERENCES `ciclo_materia` (`id`) ON DELETE NO ACTION,
  ADD CONSTRAINT `FK_correlativa_ct` FOREIGN KEY (`id_correlativa_tipo`) REFERENCES `correlativas_tipo` (`id`) ON DELETE NO ACTION;

--
-- Filtros para la tabla `cvar`
--
ALTER TABLE `cvar`
  ADD CONSTRAINT `FK_cvar_docente` FOREIGN KEY (`id_docente`) REFERENCES `docentes` (`id`) ON DELETE CASCADE;

--
-- Filtros para la tabla `docentes`
--
ALTER TABLE `docentes`
  ADD CONSTRAINT `FK_docente_categoria` FOREIGN KEY (`id_docente_categoria`) REFERENCES `docente_categoria` (`id`) ON DELETE CASCADE ON UPDATE CASCADE,
  ADD CONSTRAINT `FK_persona_id_docente` FOREIGN KEY (`persona_id`) REFERENCES `persona` (`id`) ON DELETE CASCADE ON UPDATE CASCADE;

--
-- Filtros para la tabla `materias`
--
ALTER TABLE `materias`
  ADD CONSTRAINT `FK_asignatura_tipo` FOREIGN KEY (`id_tipo`) REFERENCES `materias_tipo` (`id`);

--
-- Filtros para la tabla `materia_docente`
--
ALTER TABLE `materia_docente`
  ADD CONSTRAINT `FK_cm_docente` FOREIGN KEY (`id_docente`) REFERENCES `docentes` (`id`),
  ADD CONSTRAINT `FK_cm_materia_docente` FOREIGN KEY (`id_ciclo_materia`) REFERENCES `ciclo_materia` (`id`);

--
-- Filtros para la tabla `optativas`
--
ALTER TABLE `optativas`
  ADD CONSTRAINT `FK_optativa_cm` FOREIGN KEY (`id_optativa`) REFERENCES `ciclo_materia` (`id`) ON DELETE CASCADE,
  ADD CONSTRAINT `FK_origen_cm` FOREIGN KEY (`id_origen`) REFERENCES `ciclo_materia` (`id`) ON DELETE CASCADE;

--
-- Filtros para la tabla `planes`
--
ALTER TABLE `planes`
  ADD CONSTRAINT `FK_plan_carrera` FOREIGN KEY (`id_carrera`) REFERENCES `carrera` (`id`) ON DELETE CASCADE;

--
-- Filtros para la tabla `publicaciones`
--
ALTER TABLE `publicaciones`
  ADD CONSTRAINT `FK_publicaciones_creador_id` FOREIGN KEY (`creador_id`) REFERENCES `users` (`id`),
  ADD CONSTRAINT `FK_publicaciones_modificador_id` FOREIGN KEY (`modificador_id`) REFERENCES `users` (`id`),
  ADD CONSTRAINT `FK_publicaciones_tipo_publicacion` FOREIGN KEY (`tipo`) REFERENCES `tipo_publicacion` (`id`);

--
-- Filtros para la tabla `titulos`
--
ALTER TABLE `titulos`
  ADD CONSTRAINT `titulo_orientacion` FOREIGN KEY (`id_orientacion`) REFERENCES `orientaciones` (`id`),
  ADD CONSTRAINT `titulo_plan` FOREIGN KEY (`id_plan`) REFERENCES `planes` (`id`) ON DELETE CASCADE;

--
-- Filtros para la tabla `users_groups`
--
ALTER TABLE `users_groups`
  ADD CONSTRAINT `fk_users_groups_groups1` FOREIGN KEY (`group_id`) REFERENCES `groups` (`id`) ON DELETE CASCADE ON UPDATE NO ACTION,
  ADD CONSTRAINT `fk_users_groups_users1` FOREIGN KEY (`user_id`) REFERENCES `users` (`id`) ON DELETE CASCADE ON UPDATE NO ACTION;
COMMIT;

/*!40101 SET CHARACTER_SET_CLIENT=@OLD_CHARACTER_SET_CLIENT */;
/*!40101 SET CHARACTER_SET_RESULTS=@OLD_CHARACTER_SET_RESULTS */;
/*!40101 SET COLLATION_CONNECTION=@OLD_COLLATION_CONNECTION */;
